Ins,LB.2nd.Stage,Time.LB,Avg.Time.LB,Num.Nodes,Avg.Nodes,Num.Arcs,Avg.Arcs,Time.Build.G1,Avg.Time.Build.G1,Time.Find.SP,ShortestPath.Cost,Solve optimally by Heu,Num.Ins.Opt.Heu,Kahn_Heu is feasible,Kahn_SP2 is feasible,Obj.MP,Obj.SP,Total.Time,Avg.Time,Num.LBBD.Iters,Avg.Iter,UB,currentLB,OP.Status,MP.Status,SP.Status,Gap,MP.gap,SP.gap,Total.Time.MP,Avg.T.Time.MP,Total.Time.SP,Avg.T.Time.SP,Num.SP-1.Solved,Avg.Time.MP,Avg.MP.Time,Avg.Time.SP,Avg.SP.Time,Num.Lazy1,Num.Lazy2,Num.Lazy3,Num.SP-Nogood.Cuts,Avg.Num.Lazy1,Avg.Num.Lazy2,Avg.Num.Lazy3,Avg.Num.SP-No.Cuts,Time.Solve.SP2-S2,Num.SP-S2.Solved,Avg.Time.Solve.SP-S2
10_1,1469.999966,0.010945,0.013558267,1293,2635.4,3718,9320.3,0,0.001733333,0,30001,1,29,1,0,30001,1469.999966,0.010945,0.0173428,1,1,31470.99997,31470.99997,1,1,1,0,0,0,0,0,0,0.0020512,0,0,0,0,0.0020512,0,0,0,0,0,0,0,0,0,0,0
10_2,1479.999906,0.010813,,4186,,15958,,0.003,,0,40003,1,,1,0,40003,1479.999906,0.013813,,1,,41482.99991,41482.99991,1,1,1,0,0,0,0,,0,,0,0,,0,,0,0,0,0,0,0,0,0,0,0,0
10_3,1479.999927,0.009592,,2512,,8626,,0.002,,0,40002,1,,1,0,40002,1479.999927,0.011592,,1,,41481.99993,41481.99993,1,1,1,0,0,0,0,,0,,0,0,,0,,0,0,0,0,0,0,0,0,0,0,0
10_7,1609.999961,0.011447,,3438,,13122,,0.003,,0,50002,1,,1,0,50002,1609.999961,0.014447,,1,,51611.99996,51611.99996,1,1,1,0,0,0,0,,0,,0,0,,0,,0,0,0,0,0,0,0,0,0,0,0
10_4,1609.999961,0.010747,,3613,,13388,,0.003,,0,40003,1,,1,0,40003,1609.999961,0.013747,,1,,41612.99996,41612.99996,1,1,1,0,0,0,0,,0,,0,0,,0,,0,0,0,0,0,0,0,0,0,0,0
10_6,1609.999961,0.039654,,2712,,9535,,0.002,,0,40002,1,,1,0,40002,1609.999961,0.041654,,1,,41611.99996,41611.99996,1,1,1,0,0,0,0,,0,,0,0,,0,,0,0,0,0,0,0,0,0,0,0,0
10_5,1469.999966,0.011304,,1492,,4514,,0.001,,0,30002,1,,1,0,30002,1469.999966,0.012304,,1,,31471.99997,31471.99997,1,1,1,0,0,0,0,,0,,0,0,,0,,0,0,0,0,0,0,0,0,0,0,0
10_8,1569.999965,0.009491,,1025,,2843,,0,,0,30001,0,,0,0,30001,1569.999921,0.071027,,1,,31570.99992,31570.99997,1,1,1,0,0,0,0,,0.061536,,1,0,,0.061536,,5,0,3,0,5,0,3,0,0.002,1,0.002
10_9,1600.000101,0.009806,,2851,,10029,,0.002,,0,40002,1,,1,0,40002,1600.000101,0.011806,,1,,41602.0001,41602.0001,1,1,1,0,0,0,0,,0,,0,0,,0,,0,0,0,0,0,0,0,0,0,0,0
10_11,1609.999961,0.011651,,2712,,9535,,0.002,,0,40002,1,,1,0,40002,1609.999961,0.013651,,1,,41611.99996,41611.99996,1,1,1,0,0,0,0,,0,,0,0,,0,,0,0,0,0,0,0,0,0,0,0,0
10_12,1630.000019,0.011039,,1096,,3075,,0,,0,30001,1,,1,0,30001,1630.000019,0.011039,,1,,31631.00002,31631.00002,1,1,1,0,0,0,0,,0,,0,0,,0,,0,0,0,0,0,0,0,0,0,0,0
10_10,1569.999965,0.008908,,2917,,10327,,0.002,,0,40002,1,,1,0,40002,1569.999965,0.010908,,1,,41571.99997,41571.99997,1,1,1,0,0,0,0,,0,,0,0,,0,,0,0,0,0,0,0,0,0,0,0,0
10_13,1470.000015,0.010073,,2284,,7850,,0.001,,0,40002,1,,1,0,40002,1470.000015,0.011073,,1,,41472.00002,41472.00002,1,1,1,0,0,0,0,,0,,0,0,,0,,0,0,0,0,0,0,0,0,0,0,0
10_15,1529.999955,0.021045,,2020,,6624,,0.001,,0,40001,1,,1,0,40001,1529.999955,0.022045,,1,,41530.99996,41530.99996,1,1,1,0,0,0,0,,0,,0,0,,0,,0,0,0,0,0,0,0,0,0,0,0
10_14,1560.000014,0.021245,,3268,,11459,,0.002,,0,30003,1,,0,1,30003,1560.000014,0.023245,,1,,31563.00001,31563.00001,1,1,1,0,0,0,0,,0,,0,0,,0,,0,0,0,0,0,0,0,0,0.002,1,0.002
10_22,1639.999995,0.015648,,2407,,8276,,0.002,,0,40002,1,,0,1,40002,1639.999995,0.017648,,1,,41642,41642,1,1,1,0,0,0,0,,0,,0,0,,0,,0,0,0,0,0,0,0,0,0.002,1,0.002
10_21,1469.999966,0.011073,,1658,,5274,,0.001,,0,40001,1,,1,0,40001,1469.999966,0.012073,,1,,41470.99997,41470.99997,1,1,1,0,0,0,0,,0,,0,0,,0,,0,0,0,0,0,0,0,0,0,0,0
10_19,1520.000038,0.010099,,2020,,6624,,0.001,,0,40001,1,,1,0,40001,1520.000038,0.011099,,1,,41521.00004,41521.00004,1,1,1,0,0,0,0,,0,,0,0,,0,,0,0,0,0,0,0,0,0,0,0,0
10_16,1490.000063,0.008674,,2407,,8276,,0.001,,0,40002,1,,1,0,40002,1490.000063,0.009674,,1,,41492.00006,41492.00006,1,1,1,0,0,0,0,,0,,0,0,,0,,0,0,0,0,0,0,0,0,0,0,0
10_25,1609.999961,0.011801,,1658,,5274,,0.001,,0,40001,1,,1,0,40001,1609.999961,0.012801,,1,,41610.99996,41610.99996,1,1,1,0,0,0,0,,0,,0,0,,0,,0,0,0,0,0,0,0,0,0,0,0
10_17,1630.000019,0.017057,,2096,,7300,,0.001,,0,50001,1,,0,1,50001,1630.000019,0.018057,,1,,51631.00002,51631.00002,1,1,1,0,0,0,0,,0,,0,0,,0,,0,0,0,0,0,0,0,0,0.013,1,0.013
10_23,1479.999906,0.010435,,4971,,20311,,0.004,,0,50003,1,,1,0,50003,1479.999906,0.014435,,1,,51482.99991,51482.99991,1,1,1,0,0,0,0,,0,,0,0,,0,,0,0,0,0,0,0,0,0,0,0,0
10_20,1599.99997,0.011093,,2284,,7850,,0.001,,0,40002,1,,1,0,40002,1599.99997,0.012093,,1,,41601.99997,41601.99997,1,1,1,0,0,0,0,,0,,0,0,,0,,0,0,0,0,0,0,0,0,0,0,0
10_18,750,0.013696,,3438,,13122,,0.003,,0,50002,1,,1,0,50002,750,0.016696,,1,,50752,50752,1,1,1,0,0,0,0,,0,,0,0,,0,,0,0,0,0,0,0,0,0,0,0,0
10_24,1470.000044,0.013521,,3202,,11161,,0.002,,0,30003,1,,1,0,30003,1470.000044,0.015521,,1,,31473.00004,31473.00004,1,1,1,0,0,0,0,,0,,0,0,,0,,0,0,0,0,0,0,0,0,0,0,0
10_27,960.000035,0.014367,,2823,,9602,,0.002,,0,30003,1,,1,0,30003,960.000035,0.016367,,1,,30963.00004,30963.00004,1,1,1,0,0,0,0,,0,,0,0,,0,,0,0,0,0,0,0,0,0,0,0,0
10_26,960.000029,0.008492,,2281,,7381,,0.001,,0,30002,1,,1,0,30002,960.000029,0.009492,,1,,30962.00003,30962.00003,1,1,1,0,0,0,0,,0,,0,0,,0,,0,0,0,0,0,0,0,0,0,0,0
10_28,1520.000008,0.029385,,3361,,12568,,0.003,,0,50002,1,,1,0,50002,1520.000008,0.032385,,1,,51522.00001,51522.00001,1,1,1,0,0,0,0,,0,,0,0,,0,,0,0,0,0,0,0,0,0,0,0,0
10_30,1599.99997,0.011639,,2851,,10029,,0.002,,0,40002,1,,1,0,40002,1599.99997,0.013639,,1,,41601.99997,41601.99997,1,1,1,0,0,0,0,,0,,0,0,,0,,0,0,0,0,0,0,0,0,0,0,0
10_29,1599.99997,0.012008,,4186,,15958,,0.003,,0,40003,1,,1,0,40003,1599.99997,0.015008,,1,,41602.99997,41602.99997,1,1,1,0,0,0,0,,0,,0,0,,0,,0,0,0,0,0,0,0,0,0,0,0
15_4,2253.333253,0.012839,0.0163319,13893,51126.03333,51141,255641.9333,0.014,0.0769,0.002,50001,1,24,1,0,50001,2253.333253,0.028839,0.2035689,1,1.066666667,52254.33325,52254.33325,1,1,1,0,0,0,0.002,0.021866667,0,0.088470333,0,0.002,0.018933333,0,0.071449367,0,0,0,0,0,0,0,0,0,0,0
15_7,2273.333168,0.018085,,9992,,35389,,0.008,,0.001,40002,1,,1,0,40002,2273.333168,0.027085,,1,,42275.33317,42275.33317,1,1,1,0,0,0,0.001,,0,,0,0.001,,0,,0,0,0,0,0,0,0,0,0,0,0
15_3,2339.999938,0.012643,,51006,,247353,,0.073,,0.018,40004,1,,1,0,40004,2339.999938,0.103643,,1,,42343.99994,42343.99994,1,1,1,0,0,0,0.018,,0,,0,0.018,,0,,0,0,0,0,0,0,0,0,0,0,0
15_10,2226.666451,0.019002,,48706,,237383,,0.07,,0.015,50003,0,,0,0,50003,2226.666451,0.268226,,1,,52229.66645,52229.66645,1,1,1,0,0,0,0.015,,0.164224,,1,0.015,,0.164224,,4,1,10,1,4,1,10,1,0.039,3,0.013
15_9,2186.666638,0.012484,,51793,,256644,,0.076,,0.016,50003,1,,1,0,50003,2186.666638,0.104484,,1,,52189.66664,52189.66664,1,1,1,0,0,0,0.016,,0,,0,0.016,,0,,0,0,0,0,0,0,0,0,0,0,0
15_5,2226.666373,0.053667,,68047,,349709,,0.106,,0.023,50004,1,,1,0,50004,2226.666373,0.875929,,2,,52230.66637,52230.66637,1,1,1,0,0,0,0.114,,0.602262,,1,0.057,,0.301131,,144,5,28,6,72,2,14,3,0.139,7,0.019857
15_2,2186.666638,0.035508,,21253,,90480,,0.026,,0.009,50001,1,,0,1,50001,2186.666638,0.070508,,1,,52187.66664,52187.66664,1,1,1,0,0,0,0.009,,0,,0,0.009,,0,,0,0,0,0,0,0,0,0,0.02,1,0.02
15_1,2279.999822,0.012381,,85476,,456981,,0.143,,0.03,50004,1,,1,0,50004,2279.999822,0.185381,,1,,52283.99982,52283.99982,1,1,1,0,0,0,0.03,,0,,0,0.03,,0,,0,0,0,0,0,0,0,0,0,0,0
15_6,2499.999559,0.012332,,61761,,316993,,0.096,,0.021,50004,1,,0,1,50004,2499.999559,0.129332,,1,,52503.99956,52503.99956,1,1,1,0,0,0,0.021,,0,,0,0.021,,0,,0,0,0,0,0,0,0,0,0.007,1,0.007
15_8,2373.333162,0.011997,,54374,,270460,,0.081,,0.018,50003,0,,0,0,50003,2373.333162,0.550544,,1,,52376.33316,52376.33316,1,1,1,0,0,0,0.018,,0.439547,,1,0.018,,0.439547,,33,3,20,0,33,3,20,0,0.04,2,0.02
15_13,2306.666443,0.014759,,53298,,264050,,0.078,,0.017,50003,1,,1,0,50003,2306.666443,0.109759,,1,,52309.66644,52309.66644,1,1,1,0,0,0,0.017,,0,,0,0.017,,0,,0,0,0,0,0,0,0,0,0,0,0
15_15,2306.666443,0.014716,,81432,,427071,,0.131,,0.03,40005,0,,0,0,40005,2306.666443,0.506408,,1,,42311.66644,42311.66644,1,1,1,0,0,0,0.03,,0.330692,,1,0.03,,0.330692,,64,0,15,0,64,0,15,0,0.029,1,0.029
15_12,2273.333168,0.012176,,28627,,127291,,0.035,,0.007,40003,1,,1,0,40003,2273.333168,0.054176,,1,,42276.33317,42276.33317,1,1,1,0,0,0,0.007,,0,,0,0.007,,0,,0,0,0,0,0,0,0,0,0,0,0
15_11,2293.33327,0.012152,,86766,,465349,,0.146,,0.03,50004,1,,1,0,50004,2293.33327,0.188152,,1,,52297.33327,52297.33327,1,1,1,0,0,0,0.03,,0,,0,0.03,,0,,0,0,0,0,0,0,0,0,0,0,0
15_14,2280.000022,0.013829,,53867,,262805,,0.079,,0.02,40004,0,,0,0,40004,2279.999927,0.500331,,1,,42283.99993,42284.00002,1,1,1,0,0,0,0.02,,0.387502,,1,0.02,,0.387502,,32,2,13,0,32,2,13,0,0.03,2,0.015
15_24,2246.666622,0.012065,,25797,,111685,,0.031,,0.006,50002,1,,1,0,50002,2246.666622,0.049065,,1,,52248.66662,52248.66662,1,1,1,0,0,0,0.006,,0,,0,0.006,,0,,0,0,0,0,0,0,0,0,0,0,0
15_19,2400.000149,0.012915,,54374,,270460,,0.082,,0.019,50003,1,,0,1,50003,2400.000149,0.113915,,1,,52403.00015,52403.00015,1,1,1,0,0,0,0.019,,0,,0,0.019,,0,,0,0,0,0,0,0,0,0,0.019,1,0.019
15_20,2253.333223,0.012297,,54796,,273112,,0.08,,0.018,50003,1,,1,0,50003,2253.333223,0.110297,,1,,52256.33322,52256.33322,1,1,1,0,0,0,0.018,,0,,0,0.018,,0,,0,0,0,0,0,0,0,0,0,0,0
15_18,2173.333186,0.012107,,43865,,213280,,0.062,,0.016,50003,1,,1,0,50003,2173.333186,0.090107,,1,,52176.33319,52176.33319,1,1,1,0,0,0,0.016,,0,,0,0.016,,0,,0,0,0,0,0,0,0,0,0,0,0
15_23,2400.000149,0.012758,,42138,,200659,,0.059,,0.015,50003,1,,1,0,50003,2400.000149,0.552754,,2,,52403.00015,52403.00015,1,1,1,0,0,0,0.062,,0.418996,,1,0.031,,0.209498,,67,0,1,2,33,0,0,1,0.052,4,0.013
15_16,2319.999933,0.014247,,61179,,309169,,0.093,,0.021,50003,1,,0,1,50003,2319.999933,0.128247,,1,,52322.99993,52322.99993,1,1,1,0,0,0,0.021,,0,,0,0.021,,0,,0,0,0,0,0,0,0,0,0.007,1,0.007
15_22,2239.999905,0.038382,,40795,,188081,,0.054,,0.014,40003,1,,1,0,40003,2239.999905,0.106382,,1,,42242.99991,42242.99991,1,1,1,0,0,0,0.014,,0,,0,0.014,,0,,0,0,0,0,0,0,0,0,0,0,0
15_25,2246.666622,0.012008,,46236,,217147,,0.065,,0.015,40003,1,,1,0,40003,2246.666622,0.092008,,1,,42249.66662,42249.66662,1,1,1,0,0,0,0.015,,0,,0,0.015,,0,,0,0,0,0,0,0,0,0,0,0,0
15_17,2286.666551,0.012638,,68935,,347925,,0.105,,0.023,40004,1,,1,0,40004,2286.666551,0.140638,,1,,42290.66655,42290.66655,1,1,1,0,0,0,0.023,,0,,0,0.023,,0,,0,0,0,0,0,0,0,0,0,0,0
15_21,2453.333127,0.011872,,119169,,672435,,0.22,,0.05,50005,0,,0,0,50005,2453.333127,0.456112,,1,,52458.33313,52458.33313,1,1,1,0,0,0,0.05,,0.17424,,1,0.05,,0.17424,,6,2,6,0,6,2,6,0,0.019,1,0.019
15_26,2226.666373,0.011901,,21253,,90480,,0.024,,0.004,50001,0,,0,0,50001,2226.666373,0.176548,,1,,52227.66637,52227.66637,1,1,1,0,0,0,0.004,,0.136647,,1,0.004,,0.136647,,12,1,4,0,12,1,4,0,0.01,1,0.01
15_30,2280.000022,0.017909,,61688,,306972,,0.091,,0.021,40004,1,,1,0,40004,2280.000022,0.129909,,1,,42284.00002,42284.00002,1,1,1,0,0,0,0.021,,0,,0,0.021,,0,,0,0,0,0,0,0,0,0,0,0,0
15_28,2279.999822,0.012976,,28709,,129193,,0.036,,0.009,60001,1,,1,0,60001,2279.999822,0.057976,,1,,62280.99982,62280.99982,1,1,1,0,0,0,0.009,,0,,0,0.009,,0,,0,0,0,0,0,0,0,0,0,0,0
15_29,2253.333169,0.010976,,15720,,63446,,0.016,,0.003,40002,1,,1,0,40002,2253.333169,0.029976,,1,,42255.33317,42255.33317,1,1,1,0,0,0,0.003,,0,,0,0.003,,0,,0,0,0,0,0,0,0,0,0,0,0
15_27,2306.666443,0.016336,,78836,,416115,,0.127,,0.027,50004,1,,1,0,50004,2306.666443,0.170336,,1,,52310.66644,52310.66644,1,1,1,0,0,0,0.027,,0,,0,0.027,,0,,0,0,0,0,0,0,0,0,0,0,0
20_2,3059.999612,0.037953,0.022032933,178403,535264.9333,935025,3250835.4,0.336,1.2385,0.107,60003,0,14,0,0,60003,3059.999579,0.727037,2.2481129,1,1.066666667,63062.99958,63062.99961,1,1,1,0,0,0,0.107,0.350866667,0.246084,0.6367133,1,0.107,0.277533333,0.246084,0.528344067,1,1,3,0,1,1,3,0,0.039,1,0.039
20_7,3220.000142,0.018609,,157150,,773836,,0.25,,0.062,40003,0,,0,0,40003,3220.000142,1.334566,,1,,43223.00014,43223.00014,1,1,1,0,0,0,0.062,,1.003957,,1,0.062,,1.003957,,309,2,65,9,309,2,65,9,0.374,10,0.0374
20_10,3000,0.012318,,210179,,1121489,,0.372,,0.104,50003,0,,0,0,50003,3000,1.467905,,1,,53003,53003,1,1,1,0,0,0,0.104,,0.979587,,1,0.104,,0.979587,,87,2,82,0,87,2,82,0,0.098,4,0.0245
20_3,3019.999772,0.01923,,296411,,1614729,,0.569,,0.13,60002,0,,0,0,60002,3019.99975,1.343097,,1,,63021.99975,63021.99977,1,1,1,0,0,0,0.13,,0.624867,,1,0.13,,0.624867,,133,1,15,0,133,1,15,0,0.037,1,0.037
20_5,3239.999795,0.018493,,542699,,3205808,,1.182,,0.244,60003,0,,0,0,60003,3239.999795,2.06994,,1,,63242.9998,63242.9998,1,1,1,0,0,0,0.244,,0.625447,,1,0.244,,0.625447,,54,0,8,0,54,0,8,0,0.052,2,0.026
20_4,3019.999963,0.022685,,424167,,2449398,,0.89,,0.19,60003,1,,1,0,60003,3019.999963,1.102685,,1,,63022.99996,63022.99996,1,1,1,0,0,0,0.19,,0,,0,0.19,,0,,0,0,0,0,0,0,0,0,0,0,0
20_9,3059.999853,0.043589,,461571,,2691380,,0.997,,0.213,60003,0,,0,0,60003,3059.999831,1.891766,,1,,63062.99983,63062.99985,1,1,1,0,0,0,0.213,,0.638177,,1,0.213,,0.638177,,44,0,7,4,44,0,7,4,0.312,5,0.0624
20_6,3019.999999,0.024137,,1090474,,7068644,,2.816,,0.543,50005,0,,0,0,50005,3019.999999,4.765601,,1,,53025,53025,1,1,1,0,0,0,0.543,,1.382464,,1,0.543,,1.382464,,405,10,232,1,405,10,232,1,0.214,3,0.071333
20_1,3059.999728,0.021158,,913516,,5826897,,2.266,,0.449,60004,1,,1,0,60004,3059.999728,2.736158,,1,,63063.99973,63063.99973,1,1,1,0,0,0,0.449,,0,,0,0.449,,0,,0,0,0,0,0,0,0,0,0,0,0
20_8,3200.000018,0.023875,,886859,,5615969,,2.243,,0.45,60004,0,,0,0,60004,3200.000018,3.684971,,1,,63204.00002,63204.00002,1,1,1,0,0,0,0.45,,0.968096,,1,0.45,,0.968096,,33,0,23,3,33,0,23,3,0.236,4,0.059
20_20,3039.99981,0.019858,,115460,,531869,,0.173,,0.04,60001,1,,1,0,60001,3039.99981,0.232858,,1,,63040.99981,63040.99981,1,1,1,0,0,0,0.04,,0,,0,0.04,,0,,0,0,0,0,0,0,0,0,0,0,0
20_16,3220.000142,0.018516,,504362,,2930240,,1.077,,0.229,50003,0,,0,0,50003,3220.000142,1.509905,,1,,53223.00014,53223.00014,1,1,1,0,0,0,0.229,,0.185389,,1,0.229,,0.185389,,17,0,0,0,17,0,0,0,0.019,1,0.019
20_19,3000,0.012076,,307645,,1691225,,0.581,,0.118,60002,1,,1,0,60002,3000,0.711076,,1,,63002,63002,1,1,1,0,0,0,0.118,,0,,0,0.118,,0,,0,0,0,0,0,0,0,0,0,0,0
20_17,3279.999441,0.01938,,480870,,2834030,,1.023,,0.219,50004,0,,0,0,50004,3279.999441,2.114914,,1,,53283.99944,53283.99944,1,1,1,0,0,0,0.219,,0.853534,,1,0.219,,0.853534,,481,0,12,1,481,0,12,1,0.147,2,0.0735
20_18,3059.999968,0.067042,,461571,,2691380,,0.988,,0.195,60003,0,,0,0,60003,3059.999968,4.633964,,1,,63062.99997,63062.99997,1,1,1,0,0,0,0.195,,3.383922,,1,0.195,,3.383922,,101,1,14,5,101,1,14,5,1.791,6,0.2985
20_12,3059.999728,0.030728,,966703,,6187009,,2.426,,0.478,50005,1,,1,0,50005,3059.999728,2.934728,,1,,53064.99973,53064.99973,1,1,1,0,0,0,0.478,,0,,0,0.478,,0,,0,0,0,0,0,0,0,0,0,0,0
20_11,3019.999772,0.01797,,488001,,2857272,,1.042,,0.21,60003,1,,1,0,60003,3019.999772,1.26997,,1,,63022.99977,63022.99977,1,1,1,0,0,0,0.21,,0,,0,0.21,,0,,0,0,0,0,0,0,0,0,0,0,0
20_15,3199.999768,0.020145,,1102132,,7157034,,2.878,,0.564,50005,1,,1,0,50005,3199.999768,3.462145,,1,,53204.99977,53204.99977,1,1,1,0,0,0,0.564,,0,,0,0.564,,0,,0,0,0,0,0,0,0,0,0,0,0
20_14,3019.999772,0.01896,,1091364,,7178998,,2.88,,0.531,60005,1,,1,0,60005,3019.999772,3.42996,,1,,63024.99977,63024.99977,1,1,1,0,0,0,0.531,,0,,0,0.531,,0,,0,0,0,0,0,0,0,0,0,0,0
20_13,3080.000025,0.017954,,672316,,4140622,,1.562,,0.311,60004,0,,0,0,60004,3080.000025,9.756569,,3,,63084.00003,63084.00003,1,1,1,0,0,0,3.3,,4.876615,,3,1.1,,1.625538,,1522,11,237,12,507,3,79,4,1.055,16,0.065937
20_24,3079.99976,0.020376,,73214,,308345,,0.095,,0.024,50001,0,,0,0,50001,3079.99976,1.387576,,1,,53080.99976,53080.99976,1,1,1,0,0,0,0.024,,1.2482,,1,0.024,,1.2482,,228,1,20,6,228,1,20,6,0.421,7,0.060143
20_29,3200.000244,0.01399,,220655,,1122358,,0.378,,0.111,60001,0,,0,0,60001,3200.000244,1.339345,,1,,63201.00024,63201.00024,1,1,1,0,0,0,0.111,,0.836355,,1,0.111,,0.836355,,251,0,18,0,251,0,18,0,0.051,2,0.0255
20_23,2999.999585,0.019075,,361665,,2021347,,0.699,,0.135,60002,1,,1,0,60002,2999.999585,0.853075,,1,,63001.99959,63001.99959,1,1,1,0,0,0,0.135,,0,,0,0.135,,0,,0,0,0,0,0,0,0,0,0,0,0
20_25,3000,0.013082,,475474,,2763428,,1.02,,0.211,60003,1,,1,0,60003,3000,1.244082,,1,,63003,63003,1,1,1,0,0,0,0.211,,0,,0,0.211,,0,,0,0,0,0,0,0,0,0,0,0,0
20_22,3239.999795,0.019999,,324548,,1803808,,0.707,,0.198,50003,1,,0,1,50003,3239.999795,0.924999,,1,,53242.9998,53242.9998,1,1,1,0,0,0,0.198,,0,,0,0.198,,0,,0,0,0,0,0,0,0,0,0.033,1,0.033
20_30,3020.000046,0.021628,,377840,,2119169,,0.762,,0.149,60002,0,,0,0,60002,3020.000046,1.220688,,1,,63022.00005,63022.00005,1,1,1,0,0,0,0.149,,0.28806,,1,0.149,,0.28806,,0,0,23,1,0,0,23,1,0.071,3,0.023667
20_27,3000,0.012046,,369050,,2102534,,0.737,,0.15,60003,0,,0,0,60003,3000,1.859691,,1,,63003,63003,1,1,1,0,0,0,0.15,,0.960645,,1,0.15,,0.960645,,402,2,80,0,402,2,80,0,0.038,1,0.038
20_21,3200.000244,0.01374,,534014,,3157834,,1.166,,0.225,70002,1,,1,0,70002,3200.000244,1.40474,,1,,73202.00024,73202.00024,1,1,1,0,0,0,0.225,,0,,0,0.225,,0,,0,0,0,0,0,0,0,0,0,0,0
20_26,3059.999853,0.020208,,997796,,6397725,,2.54,,0.475,50005,1,,1,0,50005,3059.999853,3.035208,,1,,53064.99985,53064.99985,1,1,1,0,0,0,0.475,,0,,0,0.475,,0,,0,0,0,0,0,0,0,0,0,0,0
20_28,2959.999946,0.022168,,971839,,6225660,,2.5,,0.472,60004,1,,1,0,60004,2959.999946,2.994168,,1,,62963.99995,62963.99995,1,1,1,0,0,0,0.472,,0,,0,0.472,,0,,0,0,0,0,0,0,0,0,0,0,0
25_5,3847.999954,0.026775,0.018867667,394830,3989708.233,2020254,27158518.33,0.717,12.6216,0.156,60002,1,16,1,0,60002,3847.999954,0.899775,20.82139563,1,1.266666667,63849.99995,63849.99995,1,1,1,0,0,0,0.156,5.390133333,0,2.790794633,0,0.156,3.3189111,0,2.039966167,0,0,0,0,0,0,0,0,0,0,0
25_1,3807.999772,0.018704,,4751664,,32597695,,16.907,,3.869,60004,0,,0,0,60004,3807.999772,23.659235,,1,,63811.99977,63811.99977,1,1,1,0,0,0,3.869,,2.864531,,1,3.869,,2.864531,,148,0,109,8,148,0,109,8,1.571,9,0.174556
25_2,4080.000085,0.015697,,3405699,,22766750,,10.242,,1.9,60004,1,,1,0,60004,4080.000085,32.195004,,2,,64084.00009,64084.00009,1,1,1,0,0,0,17.581,,4.356307,,1,8.7905,,2.178154,,3189,2,29,0,1594,1,14,0,0.07,1,0.07
25_3,3887.999606,0.016842,,5049242,,35242533,,16.566,,2.849,60005,0,,0,0,60005,3887.999606,53.971943,,4,,63892.99961,63892.99961,1,1,1,0,0,0,30.19,,7.199101,,4,7.5475,,1.799775,,872,5,140,38,218,1,35,9,3.471,42,0.082643
25_4,4243.998975,0.022231,,1817422,,10951735,,4.577,,0.909,70001,0,,0,0,70001,4243.998946,7.38473,,1,,74244.99895,74244.99898,1,1,1,0,0,0,0.909,,1.876499,,1,0.909,,1.876499,,82,4,86,9,82,4,86,9,0.667,10,0.0667
25_6,3791.999683,0.018164,,4304028,,28459431,,12.852,,2.408,50004,0,,0,0,50004,3791.99973,15.931645,,1,,53795.99973,53795.99968,1,1,1,0,0,0,2.408,,0.653481,,1,2.408,,0.653481,,85,0,0,0,85,0,0,0,0.117,2,0.0585
25_8,4031.999981,0.016712,,4787927,,32760505,,15.439,,2.747,70003,0,,0,0,70003,4031.999981,19.358688,,1,,74034.99998,74034.99998,1,1,1,0,0,0,2.747,,1.155976,,1,2.747,,1.155976,,257,1,34,0,257,1,34,0,0.068,1,0.068
25_7,4087.999588,0.017402,,3580039,,23417299,,10.524,,1.945,60003,0,,0,0,60003,4087.999588,43.495657,,2,,64090.99959,64090.99959,1,1,1,0,0,0,17.387,,15.567255,,2,8.6935,,7.783627,,11430,1,351,45,5715,0,175,22,3.165,47,0.06734
25_9,4083.999228,0.016103,,2724851,,17781540,,7.697,,1.456,70004,1,,1,0,70004,4083.999228,9.169103,,1,,74087.99923,74087.99923,1,1,1,0,0,0,1.456,,0,,0,1.456,,0,,0,0,0,0,0,0,0,0,0,0,0
25_10,3823.999599,0.033029,,2646657,,16827848,,7.398,,1.455,70002,0,,0,0,70002,3823.999599,10.552241,,1,,73825.9996,73825.9996,1,1,1,0,0,0,1.455,,1.666212,,1,1.455,,1.666212,,592,0,42,0,592,0,42,0,0.088,1,0.088
25_11,3895.999023,0.018466,,5432661,,37559738,,17.739,,2.992,50005,0,,0,0,50005,3895.998988,24.282562,,1,,53900.99899,53900.99902,1,1,1,0,0,0,2.992,,3.533096,,1,2.992,,3.533096,,477,3,100,18,477,3,100,18,2.249,19,0.118368
25_12,3847.999823,0.017585,,2499475,,15835115,,6.81,,1.308,80001,0,,0,0,80001,3847.999823,8.604801,,1,,83848.99982,83848.99982,1,1,1,0,0,0,1.308,,0.469216,,1,1.308,,0.469216,,8,1,4,1,8,1,4,1,0.121,2,0.0605
25_13,3831.999946,0.016967,,3348999,,21795541,,9.897,,1.768,70002,1,,1,0,70002,3831.999946,11.681967,,1,,73833.99995,73833.99995,1,1,1,0,0,0,1.768,,0,,0,1.768,,0,,0,0,0,0,0,0,0,0,0,0,0
25_14,3831.999978,0.020077,,10222669,,76015035,,37.284,,6.219,50006,1,,1,0,50006,3831.999978,43.523077,,1,,53837.99998,53837.99998,1,1,1,0,0,0,6.219,,0,,0,6.219,,0,,0,0,0,0,0,0,0,0,0,0,0
25_16,3791.999921,0.016541,,2973495,,19503025,,8.572,,1.592,70003,1,,0,1,70003,3791.999921,10.180541,,1,,73794.99992,73794.99992,1,1,1,0,0,0,1.592,,0,,0,1.592,,0,,0,0,0,0,0,0,0,0,0.093,1,0.093
25_17,4031.999981,0.018943,,3514530,,23064685,,10.201,,1.921,60003,1,,1,0,60003,4031.999981,12.140943,,1,,64034.99998,64034.99998,1,1,1,0,0,0,1.921,,0,,0,1.921,,0,,0,0,0,0,0,0,0,0,0,0,0
25_15,3855.99975,0.017503,,2956631,,19056220,,8.408,,1.585,70002,0,,0,0,70002,3855.99975,26.375983,,3,,73857.99975,73857.99975,1,1,1,0,0,0,14.695,,3.25548,,3,4.898333,,1.08516,,486,3,129,2,162,1,43,0,0.354,5,0.0708
25_20,3824.000603,0.018593,,1482951,,8985141,,3.589,,0.759,70003,1,,0,1,70003,3824.000603,4.366593,,1,,73827.0006,73827.0006,1,1,1,0,0,0,0.759,,0,,0,0.759,,0,,0,0,0,0,0,0,0,0,0.055,1,0.055
25_19,3871.999198,0.016564,,2218572,,13934306,,5.991,,1.148,60004,1,,0,1,60004,3871.999198,7.155564,,1,,63875.9992,63875.9992,1,1,1,0,0,0,1.148,,0,,0,1.148,,0,,0,0,0,0,0,0,0,0,0.056,1,0.056
25_18,3844.000065,0.017661,,2749300,,17590683,,7.747,,1.452,50004,1,,1,0,50004,3844.000065,9.216661,,1,,53848.00007,53848.00007,1,1,1,0,0,0,1.452,,0,,0,1.452,,0,,0,0,0,0,0,0,0,0,0,0,0
25_21,3856.000218,0.017284,,3169989,,20970017,,9.294,,1.734,60005,0,,0,0,60005,3856.000218,35.832851,,1,,63861.00022,63861.00022,1,1,1,0,0,0,1.734,,24.787567,,1,1.734,,24.787567,,2610,7,474,281,2610,7,474,281,18.676,282,0.066227
25_22,4111.999956,0.018545,,4974268,,34200543,,16.187,,2.898,60004,1,,0,1,60004,4111.999956,19.103545,,1,,64115.99996,64115.99996,1,1,1,0,0,0,2.898,,0,,0,2.898,,0,,0,0,0,0,0,0,0,0,0.344,1,0.344
25_23,3907.999218,0.016248,,5233363,,36075013,,17.063,,2.79,70003,1,,1,0,70003,3907.999218,19.869248,,1,,73910.99922,73910.99922,1,1,1,0,0,0,2.79,,0,,0,2.79,,0,,0,0,0,0,0,0,0,0,0,0,0
25_25,3791.999698,0.018162,,3598598,,23547793,,10.446,,1.958,60003,1,,1,0,60003,3791.999698,12.422162,,1,,63794.9997,63794.9997,1,1,1,0,0,0,1.958,,0,,0,1.958,,0,,0,0,0,0,0,0,0,0,0,0,0
25_24,3799.999842,0.030366,,10305607,,76719991,,38.998,,6.337,50006,1,,1,0,50006,3799.999842,45.365366,,1,,53805.99984,53805.99984,1,1,1,0,0,0,6.337,,0,,0,6.337,,0,,0,0,0,0,0,0,0,0,0,0,0
25_27,3839.99956,0.016588,,3400808,,22661377,,9.937,,1.882,60005,0,,0,0,60005,3839.999556,13.39647,,1,,63844.99956,63844.99956,1,1,1,0,0,0,1.882,,1.560882,,1,1.882,,1.560882,,22,0,6,0,22,0,6,0,0.393,1,0.393
25_26,3871.999198,0.01599,,4383200,,29949563,,14.009,,2.426,60004,1,,1,0,60004,3871.999198,48.438844,,2,,63875.9992,63875.9992,1,1,1,0,0,0,24.427,,9.986854,,1,12.2135,,4.993427,,562,5,311,80,281,2,155,40,7.333,81,0.090531
25_28,4012.000078,0.015983,,3501455,,22974705,,10.197,,1.869,60003,0,,0,0,60003,4012.000078,14.038567,,1,,64015.00008,64015.00008,1,1,1,0,0,0,1.869,,1.956584,,1,1.869,,1.956584,,249,7,72,2,249,7,72,2,0.43,4,0.1075
25_30,4072.000486,0.018355,,4696237,,32953358,,15.047,,2.595,60006,0,,0,0,60006,4072.000486,20.495153,,1,,64078.00049,64078.00049,1,1,1,0,0,0,2.595,,2.834798,,1,2.595,,2.834798,,1498,2,145,2,1498,2,145,2,0.245,3,0.081667
25_29,3815.99969,0.01795,,5566080,,38538111,,18.313,,3.202,60004,1,,1,0,60004,3815.99969,21.53295,,1,,63819.99969,63819.99969,1,1,1,0,0,0,3.202,,0,,0,3.202,,0,,0,0,0,0,0,0,0,0,0,0,0
30_1,4543.333748,0.032208,0.026082733,16898997,21898043.2,121294681,161368276.7,63.087,86.68713333,10.46,70004,1,15,0,1,70004,4543.333748,229.517537,317.359566,2,7.933333333,74547.33375,74547.33375,1,1,1,0,0,0,126.243,142.5329333,40.155329,88.1134166,1,63.1215,33.97762727,20.077664,6.282558833,6752,16,454,96,3376,8,227,48,17.593,98,0.17952
30_2,4629.999509,0.028271,,13501997,,93476635,,47.313,,7.892,70003,0,,0,0,70003,4629.999509,57.0101,,1,,74632.99951,74632.99951,1,1,1,0,0,0,7.892,,1.776829,,1,7.892,,1.776829,,343,1,98,0,343,1,98,0,0.094,1,0.094
30_3,4569.99979,0.026703,,30288168,,230574546,,124.209,,20.851,70005,0,,0,0,70005,4569.99979,418.811643,,2,,74574.99979,74574.99979,1,1,1,0,0,0,266.56,,28.01594,,2,133.28,,14.00797,,9884,8,357,40,4942,4,178,20,22.485,44,0.511023
30_4,4669.999254,0.024864,,34578347,,261731800,,142.88,,25.364,70003,0,,0,0,70003,4669.999229,481.290665,,2,,74672.99923,74672.99925,1,1,1,0,0,0,321.455,,16.930801,,2,160.7275,,8.465401,,4527,18,871,23,2263,9,435,11,11.567,26,0.444885
30_5,4603.332558,0.023367,,27457795,,203683645,,108.719,,18.417,70003,1,,1,0,70003,4603.332558,127.159367,,1,,74606.33256,74606.33256,1,1,1,0,0,0,18.417,,0,,0,18.417,,0,,0,0,0,0,0,0,0,0,0,0,0
30_6,4409.999737,0.037197,,25419854,,187855739,,100.122,,16.535,70004,1,,0,1,70004,4409.999737,116.694197,,1,,74413.99974,74413.99974,1,1,1,0,0,0,16.535,,0,,0,16.535,,0,,0,0,0,0,0,0,0,0,2.798,1,2.798
30_7,4999.998224,0.021092,,14267646,,100696198,,50.91,,10.104,80003,1,,1,0,80003,4999.998224,61.035092,,1,,85002.99822,85002.99822,1,1,1,0,0,0,10.104,,0,,0,10.104,,0,,0,0,0,0,0,0,0,0,0,0,0
30_8,4569.999589,0.026558,,15831700,,112944080,,58.953,,9.713,80003,0,,0,0,80003,4569.999695,70.787933,,1,,84572.9997,84572.99959,1,1,1,0,0,0,9.713,,2.095375,,1,9.713,,2.095375,,253,0,25,2,253,0,25,2,0.466,3,0.155333
30_10,4610.000026,0.026944,,16763990,,120247504,,61.351,,10.059,70004,0,,0,0,70004,4610.000013,75.463964,,1,,74614.00001,74614.00003,1,1,1,0,0,0,10.059,,4.02702,,1,10.059,,4.02702,,447,12,499,7,447,12,499,7,1.378,11,0.125273
30_9,4570.000252,0.028438,,23846043,,175060824,,94.934,,15.389,70003,1,,1,0,70003,4570.000252,110.351438,,1,,74573.00025,74573.00025,1,1,1,0,0,0,15.389,,0,,0,15.389,,0,,0,0,0,0,0,0,0,0,0,0,0
30_15,4999.998224,0.020929,,11488085,,80385454,,39.591,,6.707,80004,1,,1,0,80004,4999.998224,46.318929,,1,,85003.99822,85003.99822,1,1,1,0,0,0,6.707,,0,,0,6.707,,0,,0,0,0,0,0,0,0,0,0,0,0
30_13,4889.999771,0.029455,,12419206,,86326533,,43.933,,7.533,90002,1,,0,1,90002,4889.999771,51.495455,,1,,94891.99977,94891.99977,1,1,1,0,0,0,7.533,,0,,0,7.533,,0,,0,0,0,0,0,0,0,0,1.16,1,1.16
30_12,4559.999651,0.019604,,13471301,,92649237,,47.068,,8.028,80002,1,,0,1,80002,4559.999651,55.115604,,1,,84561.99965,84561.99965,1,1,1,0,0,0,8.028,,0,,0,8.028,,0,,0,0,0,0,0,0,0,0,1.283,1,1.283
30_14,4546.665859,0.020066,,21203172,,153413020,,80.039,,12.997,70003,1,,1,0,70003,4546.665859,93.056066,,1,,74549.66586,74549.66586,1,1,1,0,0,0,12.997,,0,,0,12.997,,0,,0,0,0,0,0,0,0,0,0,0,0
30_17,4719.999313,0.024841,,14428809,,102273129,,51.792,,8.622,70004,1,,0,1,70004,4719.999313,60.438841,,1,,74723.99931,74723.99931,1,1,1,0,0,0,8.622,,0,,0,8.622,,0,,0,0,0,0,0,0,0,0,1.33,1,1.33
30_19,4629.999509,0.030616,,25666454,,189805909,,102.498,,17.234,70004,1,,1,0,70004,4629.999509,119.762616,,1,,74633.99951,74633.99951,1,1,1,0,0,0,17.234,,0,,0,17.234,,0,,0,0,0,0,0,0,0,0,0,0,0
30_20,4999.998224,0.021175,,23975636,,175885901,,94.031,,15.596,70003,1,,1,0,70003,4999.998224,109.648175,,1,,75002.99822,75002.99822,1,1,1,0,0,0,15.596,,0,,0,15.596,,0,,0,0,0,0,0,0,0,0,0,0,0
30_18,4719.999522,0.03146,,16343402,,113807016,,59.606,,10.002,80001,0,,0,0,80001,4719.999331,384.574652,,6,,84720.99933,84720.99952,1,1,1,0,0,0,179.453,,145.484192,,6,29.908833,,24.247365,,22502,61,3318,718,3750,10,553,119,85.713,730,0.117415
30_23,4799.999708,0.025328,,10634768,,71215215,,35.085,,6.165,70002,0,,0,0,70002,4799.999694,47.135471,,1,,74801.99969,74801.99971,1,1,1,0,0,0,6.165,,5.860143,,1,6.165,,5.860143,,2097,2,31,4,2097,2,31,4,0.662,5,0.1324
30_21,4829.999703,0.029777,,25338226,,190410903,,102.894,,16.873,80004,0,,0,0,80004,4829.999799,123.980867,,1,,84833.9998,84833.9997,1,1,1,0,0,0,16.873,,4.18409,,1,16.873,,4.18409,,1140,6,207,3,1140,6,207,3,0.652,6,0.108667
30_22,4546.665859,0.019944,,31194486,,232761920,,128.845,,21.794,80002,0,,0,0,80002,4546.665859,152.118463,,1,,84548.66586,84548.66586,1,1,1,0,0,0,21.794,,1.459519,,1,21.794,,1.459519,,92,2,12,1,92,2,12,1,0.218,2,0.109
30_25,4396.666384,0.025759,,13153377,,91848305,,46.191,,7.734,80003,0,,0,0,80003,4396.666384,56.597545,,1,,84399.66638,84399.66638,1,1,1,0,0,0,7.734,,2.646786,,1,7.734,,2.646786,,63,1,7,2,63,1,7,2,0.342,3,0.114
30_11,4506.666601,0.020256,,15422627,,107178682,,54.944,,9.359,80001,1,,0,1,80001,4506.666601,4686.25288,,197,,84507.6666,84507.6666,1,1,1,0,0,0,2382.318,,2248.970624,,196,12.092985,,11.416095,,237486,709,31751,3278,1205,3,161,16,563.947,3661,0.154042
30_27,4689.999628,0.027058,,16693187,,119095747,,61.1,,10.251,80003,0,,0,0,80003,4689.999628,203.951838,,2,,84692.99963,84692.99963,1,1,1,0,0,0,122.434,,20.39078,,2,61.217,,10.19539,,10735,17,699,28,5367,8,349,14,3.989,34,0.117324
30_24,4603.332845,0.027088,,58125101,,464732990,,279.418,,51.764,80003,0,,0,0,80003,4603.333033,361.486975,,1,,84606.33303,84606.33285,1,1,1,0,0,0,51.764,,30.277887,,1,51.764,,30.277887,,7997,15,512,120,7997,15,512,120,12.88,121,0.106446
30_28,4719.999522,0.025394,,37310839,,288206929,,159.861,,27.855,70004,0,,0,0,70004,4719.999331,197.426128,,1,,74723.99933,74723.99952,1,1,1,0,0,0,27.855,,9.684734,,1,27.855,,9.684734,,2829,15,623,33,2829,15,623,33,3.555,34,0.104559
30_26,4600.00039,0.027013,,24114807,,177910541,,95.466,,15.304,70003,1,,0,1,70003,4600.00039,376.515259,,3,,74603.00039,74603.00039,1,1,1,0,0,0,226.728,,54.294246,,2,75.576,,18.098082,,23036,33,1234,41,7678,11,411,13,5.875,46,0.127717
30_29,4423.333067,0.026371,,13488538,,94696478,,48.631,,8.107,60005,0,,0,0,60005,4423.333067,61.813708,,1,,64428.33307,64428.33307,1,1,1,0,0,0,8.107,,5.049337,,1,8.107,,5.049337,,946,5,152,1,946,5,152,1,0.437,4,0.10925
30_30,4829.999703,0.029657,,18032563,,126798044,,65.829,,10.895,70002,0,,0,0,70002,4829.999799,84.468947,,1,,74831.9998,74831.9997,1,1,1,0,0,0,10.895,,7.71529,,1,10.895,,7.71529,,329,2,226,37,329,2,226,37,4.76,39,0.122051
30_16,4249.999991,0.025049,,35582175,,274080695,,151.314,,25.203,70004,1,,0,1,70004,4249.999991,500.506625,,2,,74253.99999,74253.99999,1,1,1,0,0,0,334.784,,14.383576,,1,167.392,,7.191788,,5776,3,67,2,2888,1,33,1,6.056,4,1.514
