Ins,LB.2nd.Stage,Time.LB,Avg.Time.LB,Num.Nodes,Avg.Nodes,Num.Arcs,Avg.Arcs,Time.Build.G1,Avg.Time.Build.G1,Time.Find.SP,ShortestPath.Cost,Solve optimally by Heu,Num.Ins.Opt.Heu,Kahn_Heu is feasible,Kahn_SP2 is feasible,Obj.MP,Obj.SP,Total.Cost,Avg.Cost,Total.Time,Avg.Time,Num.LBBD.Iters,Avg.Iter,UB,currentLB,OP.Status,MP.Status,SP.Status,Gap,MP.gap,SP.gap,Total.Time.MP,Avg.T.Time.MP,Total.Time.SP,Avg.T.Time.SP,Num.SP-1.Solved,Avg.Time.MP,Avg.MP.Time,Avg.Time.SP,Avg.SP.Time,Num.Lazy1,Num.Lazy2,Num.Lazy3,Num.SP-Nogood.Cuts,Avg.Num.Lazy1,Avg.Num.Lazy2,Avg.Num.Lazy3,Avg.Num.SP-No.Cuts,Time.Solve.SP2-S2,Num.SP-S2.Solved,Avg.Time.Solve.SP-S2
10_5,1569.999965,0.016161,0.013231933,1803,1215.2,5366,3339.833333,0.001,0.000333333,0,20003,1,28,0,1,20003,1569.999965,21572.99997,24126.99997,0.017161,0.0172082,1,1,21572.99997,21572.99997,1,1,1,0,0,0,0,0,0,0.003642933,0,0,0,0,0.003642933,0,0,0,0,0,0,0,0,0.013,1,0.013
10_6,1630.000019,0.016913,,921,,2335,,0,,0,20001,1,,1,0,20001,1630.000019,21631.00002,,0.016913,,1,,21631.00002,21631.00002,1,1,1,0,0,0,0,,0,,0,0,,0,,0,0,0,0,0,0,0,0,0,0,0
10_8,749.999678,0.01375,,601,,1415,,0,,0,20001,1,,1,0,20001,749.999678,20750.99968,,0.01375,,1,,20750.99968,20750.99968,1,1,1,0,0,0,0,,0,,0,0,,0,,0,0,0,0,0,0,0,0,0,0,0
10_7,1479.999951,0.014458,,1325,,3606,,0,,0,30001,0,,0,0,30001,1479.999951,31480.99995,,0.073327,,1,,31480.99995,31480.99995,1,1,1,0,0,0,0,,0.058869,,1,0,,0.058869,,0,2,6,1,0,2,6,1,0.008,3,0.002667
10_3,720.000118,0.020889,,2197,,6806,,0.001,,0,20003,1,,1,0,20003,720.000118,20723.00012,,0.021889,,1,,20723.00012,20723.00012,1,1,1,0,0,0,0,,0,,0,0,,0,,0,0,0,0,0,0,0,0,0,0,0
10_4,1469.999915,0.014361,,1677,,4824,,0.001,,0,20002,1,,1,0,20002,1469.999915,21471.99992,,0.015361,,1,,21471.99992,21471.99992,1,1,1,0,0,0,0,,0,,0,0,,0,,0,0,0,0,0,0,0,0,0,0,0
10_9,1630.000019,0.018813,,986,,2514,,0,,0,30001,1,,1,0,30001,1630.000019,31631.00002,,0.018813,,1,,31631.00002,31631.00002,1,1,1,0,0,0,0,,0,,0,0,,0,,0,0,0,0,0,0,0,0,0,0,0
10_10,1600.000101,0.016091,,1190,,3266,,0,,0,20002,1,,1,0,20002,1600.000101,21602.0001,,0.016091,,1,,21602.0001,21602.0001,1,1,1,0,0,0,0,,0,,0,0,,0,,0,0,0,0,0,0,0,0,0,0,0
10_2,1560.000014,0.015319,,1296,,3567,,0,,0,20002,1,,0,1,20002,1560.000014,21562.00001,,0.015319,,1,,21562.00001,21562.00001,1,1,1,0,0,0,0,,0,,0,0,,0,,0,0,0,0,0,0,0,0,0.002,1,0.002
10_1,1489.999895,0.012712,,1296,,3567,,0,,0,20002,1,,1,0,20002,1489.999895,21491.9999,,0.012712,,1,,21491.9999,21491.9999,1,1,1,0,0,0,0,,0,,0,0,,0,,0,0,0,0,0,0,0,0,0,0,0
10_11,1599.99997,0.011744,,1166,,3178,,0,,0,20002,1,,1,0,20002,1599.99997,21601.99997,,0.011744,,1,,21601.99997,21601.99997,1,1,1,0,0,0,0,,0,,0,0,,0,,0,0,0,0,0,0,0,0,0,0,0
10_16,1539.99992,0.017842,,2197,,6806,,0.001,,0,20003,1,,1,0,20003,1539.99992,21542.99992,,0.018842,,1,,21542.99992,21542.99992,1,1,1,0,0,0,0,,0,,0,0,,0,,0,0,0,0,0,0,0,0,0,0,0
10_15,1520.000038,0.013712,,1338,,3719,,0,,0,20002,1,,1,0,20002,1520.000038,21522.00004,,0.013712,,1,,21522.00004,21522.00004,1,1,1,0,0,0,0,,0,,0,0,,0,,0,0,0,0,0,0,0,0,0,0,0
10_13,1520.000008,0.009154,,701,,1680,,0,,0,20001,1,,1,0,20001,1520.000008,21521.00001,,0.009154,,1,,21521.00001,21521.00001,1,1,1,0,0,0,0,,0,,0,0,,0,,0,0,0,0,0,0,0,0,0,0,0
10_18,1609.999961,0.01068,,1325,,3606,,0.001,,0,30001,1,,1,0,30001,1609.999961,31610.99996,,0.01168,,1,,31610.99996,31610.99996,1,1,1,0,0,0,0,,0,,0,0,,0,,0,0,0,0,0,0,0,0,0,0,0
10_14,1489.999895,0.009495,,438,,962,,0,,0,30002,1,,1,0,30002,1489.999895,31491.9999,,0.009495,,1,,31491.9999,31491.9999,1,1,1,0,0,0,0,,0,,0,0,,0,,0,0,0,0,0,0,0,0,0,0,0
10_12,1479.999927,0.009674,,880,,2285,,0,,0,20002,1,,1,0,20002,1479.999927,21481.99993,,0.009674,,1,,21481.99993,21481.99993,1,1,1,0,0,0,0,,0,,0,0,,0,,0,0,0,0,0,0,0,0,0,0,0
10_17,1600.000101,0.009684,,710,,1572,,0,,0,10002,1,,1,0,10002,1600.000101,11602.0001,,0.009684,,1,,11602.0001,11602.0001,1,1,1,0,0,0,0,,0,,0,0,,0,,0,0,0,0,0,0,0,0,0,0,0
10_19,750,0.007137,,986,,2514,,0,,0,30001,1,,1,0,30001,750,30751,,0.007137,,1,,30751,30751,1,1,1,0,0,0,0,,0,,0,0,,0,,0,0,0,0,0,0,0,0,0,0,0
10_20,1609.999961,0.018336,,1446,,4009,,0.001,,0,20002,1,,1,0,20002,1609.999961,21611.99996,,0.019336,,1,,21611.99996,21611.99996,1,1,1,0,0,0,0,,0,,0,0,,0,,0,0,0,0,0,0,0,0,0,0,0
10_28,1520.000008,0.009377,,601,,1415,,0,,0,20001,1,,1,0,20001,1520.000008,21521.00001,,0.009377,,1,,21521.00001,21521.00001,1,1,1,0,0,0,0,,0,,0,0,,0,,0,0,0,0,0,0,0,0,0,0,0
10_30,1520.000038,0.009973,,880,,2285,,0,,0,20002,1,,1,0,20002,1520.000038,21522.00004,,0.009973,,1,,21522.00004,21522.00004,1,1,1,0,0,0,0,,0,,0,0,,0,,0,0,0,0,0,0,0,0,0,0,0
10_26,1479.999927,0.009441,,1325,,3606,,0,,0,30001,1,,1,0,30001,1479.999927,31480.99993,,0.009441,,1,,31480.99993,31480.99993,1,1,1,0,0,0,0,,0,,0,0,,0,,0,0,0,0,0,0,0,0,0,0,0
10_23,1599.99997,0.020097,,1580,,4519,,0.001,,0,20002,1,,1,0,20002,1599.99997,21601.99997,,0.021097,,1,,21601.99997,21601.99997,1,1,1,0,0,0,0,,0,,0,0,,0,,0,0,0,0,0,0,0,0,0,0,0
10_22,1250,0.01303,,1325,,3606,,0,,0,30001,1,,1,0,30001,1250,31251,,0.01303,,1,,31251,31251,1,1,1,0,0,0,0,,0,,0,0,,0,,0,0,0,0,0,0,0,0,0,0,0
10_24,1469.999915,0.00911,,1438,,3974,,0.001,,0,30001,1,,1,0,30001,1469.999915,31470.99992,,0.01011,,1,,31470.99992,31470.99992,1,1,1,0,0,0,0,,0,,0,0,,0,,0,0,0,0,0,0,0,0,0,0,0
10_21,1599.99997,0.011098,,1580,,4519,,0.001,,0,20002,1,,1,0,20002,1599.99997,21601.99997,,0.012098,,1,,21601.99997,21601.99997,1,1,1,0,0,0,0,,0,,0,0,,0,,0,0,0,0,0,0,0,0,0,0,0
10_25,1609.999961,0.016746,,701,,1680,,0,,0,20001,1,,0,1,20001,1609.999961,21610.99996,,0.016746,,1,,21610.99996,21610.99996,1,1,1,0,0,0,0,,0,,0,0,,0,,0,0,0,0,0,0,0,0,0.002,1,0.002
10_27,1489.999895,0.009182,,1381,,3816,,0.001,,0,30001,1,,1,0,30001,1489.999895,31490.9999,,0.010182,,1,,31490.9999,31490.9999,1,1,1,0,0,0,0,,0,,0,0,,0,,0,0,0,0,0,0,0,0,0,0,0
10_29,1599.99997,0.011979,,1166,,3178,,0,,0,20002,0,,0,0,20002,1599.99997,21601.99997,,0.062398,,1,,21601.99997,21601.99997,1,1,1,0,0,0,0,,0.050419,,1,0,,0.050419,,3,0,11,0,3,0,11,0,0.002,1,0.002
15_4,2306.666443,0.015372,0.0165099,8560,13248.06667,28029,48200.23333,0.007,0.0125,0.001,30001,1,24,1,0,30001,2306.666443,32307.66644,33966.77763,0.023372,0.0901933,1,1.033333333,32307.66644,32307.66644,1,1,1,0,0,0,0.001,0.0021,0,0.0590834,0,0.001,0.002016667,0,0.055179367,0,0,0,0,0,0,0,0,0,0,0
15_2,2453.333127,0.012115,,12606,,45106,,0.011,,0.002,40001,1,,0,1,40001,2453.333127,42454.33313,,0.025115,,1,,42454.33313,42454.33313,1,1,1,0,0,0,0.002,,0,,0,0.002,,0,,0,0,0,0,0,0,0,0,0.007,1,0.007
15_6,2226.666373,0.012192,,17596,,66395,,0.018,,0.003,30002,1,,1,0,30002,2226.666373,32228.66637,,0.033192,,1,,32228.66637,32228.66637,1,1,1,0,0,0,0.003,,0,,0,0.003,,0,,0,0,0,0,0,0,0,0,0,0,0
15_9,2186.666638,0.017744,,15614,,57693,,0.017,,0.003,40001,1,,1,0,40001,2186.666638,42187.66664,,0.037744,,1,,42187.66664,42187.66664,1,1,1,0,0,0,0.003,,0,,0,0.003,,0,,0,0,0,0,0,0,0,0,0,0,0
15_1,2239.999905,0.011559,,17734,,66947,,0.018,,0.003,20003,1,,1,0,20003,2239.999905,22242.99991,,0.032559,,1,,22242.99991,22242.99991,1,1,1,0,0,0,0.003,,0,,0,0.003,,0,,0,0,0,0,0,0,0,0,0,0,0
15_3,2280.000022,0.018547,,13538,,48913,,0.012,,0.002,30002,0,,0,0,30002,2279.999927,32281.99993,,0.378064,,1,,32281.99993,32282.00002,1,1,1,0,0,0,0.002,,0.345517,,1,0.002,,0.345517,,31,0,4,0,31,0,4,0,0.036,3,0.012
15_10,2226.666451,0.013172,,17596,,66395,,0.018,,0.003,30002,0,,0,0,30002,2226.666451,32228.66645,,0.215228,,1,,32228.66645,32228.66645,1,1,1,0,0,0,0.003,,0.181056,,1,0.003,,0.181056,,3,1,3,1,3,1,3,1,0.029,3,0.009667
15_8,2319.999933,0.012692,,15508,,57581,,0.015,,0.002,30002,1,,1,0,30002,2319.999933,32321.99993,,0.029692,,1,,32321.99993,32321.99993,1,1,1,0,0,0,0.002,,0,,0,0.002,,0,,0,0,0,0,0,0,0,0,0,0,0
15_7,2373.333099,0.012049,,12606,,45106,,0.011,,0.002,40001,1,,1,0,40001,2373.333099,42374.3331,,0.025049,,1,,42374.3331,42374.3331,1,1,1,0,0,0,0.002,,0,,0,0.002,,0,,0,0,0,0,0,0,0,0,0,0,0
15_5,2279.999807,0.036054,,17430,,65608,,0.017,,0.003,30002,1,,0,1,30002,2279.999807,32281.99981,,0.056054,,1,,32281.99981,32281.99981,1,1,1,0,0,0,0.003,,0,,0,0.003,,0,,0,0,0,0,0,0,0,0,0.007,1,0.007
15_14,2373.333162,0.035087,,6997,,22231,,0.005,,0.001,30002,1,,1,0,30002,2373.333162,32375.33316,,0.041087,,1,,32375.33316,32375.33316,1,1,1,0,0,0,0.001,,0,,0,0.001,,0,,0,0,0,0,0,0,0,0,0,0,0
15_20,2400.000149,0.041124,,9333,,31122,,0.008,,0.001,30001,1,,1,0,30001,2400.000149,32401.00015,,0.050124,,1,,32401.00015,32401.00015,1,1,1,0,0,0,0.001,,0,,0,0.001,,0,,0,0,0,0,0,0,0,0,0,0,0
15_13,2226.666373,0.012024,,3252,,8779,,0.002,,0,30001,1,,1,0,30001,2226.666373,32227.66637,,0.014024,,1,,32227.66637,32227.66637,1,1,1,0,0,0,0,,0,,0,0,,0,,0,0,0,0,0,0,0,0,0,0,0
15_11,2193.333247,0.011155,,15402,,56609,,0.015,,0.002,30002,1,,1,0,30002,2193.333247,32195.33325,,0.028155,,1,,32195.33325,32195.33325,1,1,1,0,0,0,0.002,,0,,0,0.002,,0,,0,0,0,0,0,0,0,0,0,0,0
15_12,2266.666533,0.012173,,10777,,36867,,0.009,,0.001,30001,0,,0,0,30001,2266.666533,32267.66653,,0.330646,,1,,32267.66653,32267.66653,1,1,1,0,0,0,0.001,,0.308473,,1,0.001,,0.308473,,40,2,3,0,40,2,3,0,0.026,2,0.013
15_19,2273.333168,0.013541,,12606,,45106,,0.011,,0.002,40001,1,,1,0,40001,2273.333168,42274.33317,,0.026541,,1,,42274.33317,42274.33317,1,1,1,0,0,0,0.002,,0,,0,0.002,,0,,0,0,0,0,0,0,0,0,0,0,0
15_18,2426.666433,0.011673,,7203,,22797,,0.005,,0.001,40001,0,,0,0,40001,2426.666433,42427.66643,,0.255915,,2,,42427.66643,42427.66643,1,1,1,0,0,0,0.005,,0.234242,,2,0.0025,,0.117121,,11,1,6,0,5,0,3,0,0.03,2,0.015
15_15,2319.999933,0.011685,,17596,,66395,,0.017,,0.003,30002,0,,0,0,30002,2319.999933,32321.99993,,0.196242,,1,,32321.99993,32321.99993,1,1,1,0,0,0,0.003,,0.164557,,1,0.003,,0.164557,,23,1,17,0,23,1,17,0,0.007,1,0.007
15_16,2459.999928,0.012048,,4119,,11934,,0.002,,0,30002,1,,1,0,30002,2459.999928,32461.99993,,0.014048,,1,,32461.99993,32461.99993,1,1,1,0,0,0,0,,0,,0,0,,0,,0,0,0,0,0,0,0,0,0,0,0
15_17,2226.666373,0.017989,,17663,,66658,,0.018,,0.003,30002,1,,1,0,30002,2226.666373,32228.66637,,0.038989,,1,,32228.66637,32228.66637,1,1,1,0,0,0,0.003,,0,,0,0.003,,0,,0,0,0,0,0,0,0,0,0,0,0
15_26,2239.999998,0.011571,,6947,,21886,,0.005,,0,40001,1,,1,0,40001,2239.999998,42241,,0.016571,,1,,42241,42241,1,1,1,0,0,0,0,,0,,0,0,,0,,0,0,0,0,0,0,0,0,0,0,0
15_21,2186.666638,0.012108,,9565,,32044,,0.008,,0.001,30001,1,,1,0,30001,2186.666638,32187.66664,,0.021108,,1,,32187.66664,32187.66664,1,1,1,0,0,0,0.001,,0,,0,0.001,,0,,0,0,0,0,0,0,0,0,0,0,0
15_25,2246.666622,0.018263,,7997,,26716,,0.006,,0.001,30003,1,,0,1,30003,2246.666622,32249.66662,,0.025263,,1,,32249.66662,32249.66662,1,1,1,0,0,0,0.001,,0,,0,0.001,,0,,0,0,0,0,0,0,0,0,0.007,1,0.007
15_29,2426.666433,0.012039,,19038,,72605,,0.02,,0.003,30002,1,,1,0,30002,2426.666433,32428.66643,,0.035039,,1,,32428.66643,32428.66643,1,1,1,0,0,0,0.003,,0,,0,0.003,,0,,0,0,0,0,0,0,0,0,0,0,0
15_28,2453.333127,0.012046,,20223,,78253,,0.021,,0.004,30002,1,,1,0,30002,2453.333127,32455.33313,,0.037046,,1,,32455.33313,32455.33313,1,1,1,0,0,0,0.004,,0,,0,0.004,,0,,0,0,0,0,0,0,0,0,0,0,0
15_30,2173.333186,0.012467,,20223,,78253,,0.022,,0.004,30002,1,,1,0,30002,2173.333186,32175.33319,,0.038467,,1,,32175.33319,32175.33319,1,1,1,0,0,0,0.004,,0,,0,0.004,,0,,0,0,0,0,0,0,0,0,0,0,0
15_22,2239.999998,0.011173,,15508,,57581,,0.015,,0.002,30002,1,,1,0,30002,2239.999998,32242,,0.028173,,1,,32242,32242,1,1,1,0,0,0,0.002,,0,,0,0.002,,0,,0,0,0,0,0,0,0,0,0,0,0
15_23,2173.333186,0.011437,,19038,,72605,,0.02,,0.003,30002,1,,1,0,30002,2173.333186,32175.33319,,0.034437,,1,,32175.33319,32175.33319,1,1,1,0,0,0,0.003,,0,,0,0.003,,0,,0,0,0,0,0,0,0,0,0,0,0
15_27,2253.333223,0.012978,,9654,,32246,,0.007,,0.001,30001,1,,1,0,30001,2253.333223,32254.33322,,0.020978,,1,,32254.33322,32254.33322,1,1,1,0,0,0,0.001,,0,,0,0.001,,0,,0,0,0,0,0,0,0,0,0,0,0
15_24,2499.999559,0.04122,,15513,,57547,,0.015,,0.002,30002,0,,0,0,30002,2499.999559,32501.99956,,0.596877,,1,,32501.99956,32501.99956,1,1,1,0,0,0,0.002,,0.538657,,1,0.002,,0.538657,,50,2,48,0,50,2,48,0,0.026,1,0.026
20_6,3039.99981,0.019232,0.024066533,70851,57644.23333,291355,230242.9333,0.09,0.069033333,0.022,40002,1,21,1,0,40002,3039.99981,43041.99981,45417.56658,0.131232,0.593041433,1,1,43041.99981,43041.99981,1,1,1,0,0,0,0.022,0.017766667,0,0.4821749,0,0.022,0.017766667,0,0.4821749,0,0,0,0,0,0,0,0,0,0,0
20_3,3020.000046,0.020993,,86061,,360979,,0.115,,0.03,40001,1,,1,0,40001,3020.000046,43021.00005,,0.165993,,1,,43021.00005,43021.00005,1,1,1,0,0,0,0.03,,0,,0,0.03,,0,,0,0,0,0,0,0,0,0,0,0,0
20_8,2959.999946,0.020981,,49303,,190828,,0.056,,0.015,40002,0,,0,0,40002,2959.999946,42961.99995,,1.046839,,1,,42961.99995,42961.99995,1,1,1,0,0,0,0.015,,0.954858,,1,0.015,,0.954858,,205,0,41,2,205,0,41,2,0.176,3,0.058667
20_2,2980.000073,0.02565,,42332,,161144,,0.046,,0.013,40003,1,,1,0,40003,2980.000073,42983.00007,,0.08465,,1,,42983.00007,42983.00007,1,1,1,0,0,0,0.013,,0,,0,0.013,,0,,0,0,0,0,0,0,0,0,0,0,0
20_1,3100.000036,0.024888,,79330,,330471,,0.098,,0.026,40002,0,,0,0,40002,3100.000036,43102.00004,,1.194306,,1,,43102.00004,43102.00004,1,1,1,0,0,0,0.026,,1.045418,,1,0.026,,1.045418,,67,4,79,2,67,4,79,2,0.148,4,0.037
20_9,3079.999599,0.018396,,57519,,229681,,0.068,,0.018,40002,1,,1,0,40002,3079.999599,43081.9996,,0.104396,,1,,43081.9996,43081.9996,1,1,1,0,0,0,0.018,,0,,0,0.018,,0,,0,0,0,0,0,0,0,0,0,0,0
20_5,2999.999827,0.017876,,43216,,165466,,0.049,,0.012,50002,0,,0,0,50002,2999.999822,53001.99982,,0.740263,,1,,53001.99982,53001.99983,1,1,1,0,0,0,0.012,,0.661387,,1,0.012,,0.661387,,29,5,28,1,29,5,28,1,0.07,2,0.035
20_4,3260.000038,0.020068,,76320,,313341,,0.096,,0.023,50001,0,,0,0,50001,3260.000038,53261.00004,,2.431587,,1,,53261.00004,53261.00004,1,1,1,0,0,0,0.023,,2.292519,,1,0.023,,2.292519,,462,2,61,14,462,2,61,14,0.6,15,0.04
20_7,3019.999829,0.020977,,85317,,358692,,0.112,,0.027,40002,1,,1,0,40002,3019.999829,43021.99983,,0.159977,,1,,43021.99983,43021.99983,1,1,1,0,0,0,0.027,,0,,0,0.027,,0,,0,0,0,0,0,0,0,0,0,0,0
20_11,3000,0.064214,,49131,,193612,,0.06,,0.016,50001,1,,1,0,50001,3000,53001,,0.140214,,1,,53001,53001,1,1,1,0,0,0,0.016,,0,,0,0.016,,0,,0,0,0,0,0,0,0,0,0,0,0
20_17,3039.999616,0.018068,,37880,,138896,,0.041,,0.01,50001,0,,0,0,50001,3039.999616,53040.99962,,0.924814,,1,,53040.99962,53040.99962,1,1,1,0,0,0,0.01,,0.855746,,1,0.01,,0.855746,,154,1,13,0,154,1,13,0,0.032,1,0.032
20_14,3000,0.014016,,43535,,161418,,0.046,,0.013,40001,1,,1,0,40001,3000,43001,,0.073016,,1,,43001,43001,1,1,1,0,0,0,0.013,,0,,0,0.013,,0,,0,0,0,0,0,0,0,0,0,0,0
20_16,3059.999728,0.022299,,57247,,231408,,0.068,,0.018,40002,1,,1,0,40002,3059.999728,43061.99973,,0.108299,,1,,43061.99973,43061.99973,1,1,1,0,0,0,0.018,,0,,0,0.018,,0,,0,0,0,0,0,0,0,0,0,0,0
20_13,3220.000142,0.018197,,67650,,273859,,0.08,,0.02,50001,1,,1,0,50001,3220.000142,53221.00014,,0.118197,,1,,53221.00014,53221.00014,1,1,1,0,0,0,0.02,,0,,0,0.02,,0,,0,0,0,0,0,0,0,0,0,0,0
20_19,3000,0.019299,,74777,,306293,,0.095,,0.024,40001,1,,1,0,40001,3000,43001,,0.138299,,1,,43001,43001,1,1,1,0,0,0,0.024,,0,,0,0.024,,0,,0,0,0,0,0,0,0,0,0,0,0
20_10,3019.999963,0.028902,,70851,,291355,,0.087,,0.022,40002,1,,1,0,40002,3019.999963,43021.99996,,0.137902,,1,,43021.99996,43021.99996,1,1,1,0,0,0,0.022,,0,,0,0.022,,0,,0,0,0,0,0,0,0,0,0,0,0
20_18,3220.000142,0.023696,,54461,,215080,,0.065,,0.016,40002,1,,1,0,40002,3220.000142,43222.00014,,0.104696,,1,,43222.00014,43222.00014,1,1,1,0,0,0,0.016,,0,,0,0.016,,0,,0,0,0,0,0,0,0,0,0,0,0
20_12,3119.999826,0.023711,,69637,,285678,,0.084,,0.021,40002,0,,0,0,40002,3119.999826,43121.99983,,1.961255,,1,,43121.99983,43121.99983,1,1,1,0,0,0,0.021,,1.832544,,1,0.021,,1.832544,,1330,4,84,9,1330,4,84,9,0.321,10,0.0321
20_15,3000,0.012966,,65539,,264768,,0.082,,0.021,50001,0,,0,0,50001,3000,53001,,5.648841,,1,,53001,53001,1,1,1,0,0,0,0.021,,5.532875,,1,0.021,,5.532875,,5364,3,192,9,5364,3,192,9,0.481,10,0.0481
20_24,3039.999872,0.018243,,41229,,151134,,0.043,,0.013,40001,1,,0,1,40001,3039.999872,43040.99987,,0.074243,,1,,43040.99987,43040.99987,1,1,1,0,0,0,0.013,,0,,0,0.013,,0,,0,0,0,0,0,0,0,0,0.019,1,0.019
20_28,2980.000073,0.021531,,23350,,79236,,0.022,,0.005,40002,1,,1,0,40002,2980.000073,42982.00007,,0.048531,,1,,42982.00007,42982.00007,1,1,1,0,0,0,0.005,,0,,0,0.005,,0,,0,0,0,0,0,0,0,0,0,0,0
20_23,3119.999802,0.018089,,34874,,125330,,0.035,,0.009,40001,0,,0,0,40001,3119.999802,43120.9998,,0.673606,,1,,43120.9998,43120.9998,1,1,1,0,0,0,0.009,,0.611517,,1,0.009,,0.611517,,162,0,3,0,162,0,3,0,0.032,1,0.032
20_22,3239.999795,0.018953,,40834,,149547,,0.042,,0.011,40001,1,,1,0,40001,3239.999795,43240.9998,,0.071953,,1,,43240.9998,43240.9998,1,1,1,0,0,0,0.011,,0,,0,0.011,,0,,0,0,0,0,0,0,0,0,0,0,0
20_26,3200.000018,0.019425,,69033,,280017,,0.086,,0.024,40001,1,,0,1,40001,3200.000018,43201.00002,,0.129425,,1,,43201.00002,43201.00002,1,1,1,0,0,0,0.024,,0,,0,0.024,,0,,0,0,0,0,0,0,0,0,0.02,1,0.02
20_29,3260.000038,0.019498,,41796,,159127,,0.047,,0.011,40003,1,,1,0,40003,3260.000038,43263.00004,,0.077498,,1,,43263.00004,43263.00004,1,1,1,0,0,0,0.011,,0,,0,0.011,,0,,0,0,0,0,0,0,0,0,0,0,0
20_20,3119.999665,0.03549,,69449,,282720,,0.084,,0.023,40002,1,,0,1,40002,3119.999665,43121.99967,,0.14249,,1,,43121.99967,43121.99967,1,1,1,0,0,0,0.023,,0,,0,0.023,,0,,0,0,0,0,0,0,0,0,0.019,1,0.019
20_25,3260.000038,0.024898,,65324,,263362,,0.079,,0.021,40001,1,,0,1,40001,3260.000038,43261.00004,,0.124898,,1,,43261.00004,43261.00004,1,1,1,0,0,0,0.021,,0,,0,0.021,,0,,0,0,0,0,0,0,0,0,0.02,1,0.02
20_21,2959.999946,0.067551,,20293,,68221,,0.018,,0.004,50001,1,,1,0,50001,2959.999946,52960.99995,,0.089551,,1,,52960.99995,52960.99995,1,1,1,0,0,0,0.004,,0,,0,0.004,,0,,0,0,0,0,0,0,0,0,0,0,0
20_27,3099.999744,0.01614,,93429,,395841,,0.122,,0.031,40001,1,,0,1,40001,3099.999744,43100.99974,,0.16914,,1,,43100.99974,43100.99974,1,1,1,0,0,0,0.031,,0,,0,0.031,,0,,0,0,0,0,0,0,0,0,0.019,1,0.019
20_30,3059.999853,0.027749,,48759,,188429,,0.055,,0.014,40002,0,,0,0,40002,3059.999853,43061.99985,,0.775132,,1,,43061.99985,43061.99985,1,1,1,0,0,0,0.014,,0.678383,,1,0.014,,0.678383,,118,0,32,0,118,0,32,0,0.039,1,0.039
25_10,3927.999106,0.017422,0.018947967,245130,242896.0333,1075276,1064556.433,0.372,0.364366667,0.107,60001,1,23,0,1,60001,3927.999106,63928.99911,53882.69977,0.496422,2.758498267,1,1.433333333,63928.99911,63928.99911,1,1,1,0,0,0,0.107,0.915833333,0,1.4593503,0,0.107,0.169116667,0,0.4592125,0,0,0,0,0,0,0,0,0.056,1,0.056
25_9,3824.00021,0.018378,,265829,,1174504,,0.402,,0.126,50002,1,,1,0,50002,3824.00021,53826.00021,,0.546378,,1,,53826.00021,53826.00021,1,1,1,0,0,0,0.126,,0,,0,0.126,,0,,0,0,0,0,0,0,0,0,0,0,0
25_1,3807.999772,0.018809,,242986,,1064861,,0.363,,0.09,50001,0,,0,0,50001,3807.999676,53808.99968,,0.897783,,1,,53808.99968,53808.99977,1,1,1,0,0,0,0.09,,0.425974,,1,0.09,,0.425974,,5,1,8,0,5,1,8,0,0.069,1,0.069
25_8,3824.000007,0.016206,,202634,,861155,,0.287,,0.075,50002,0,,0,0,50002,3824.000007,53826.00001,,1.589719,,1,,53826.00001,53826.00001,1,1,1,0,0,0,0.075,,1.211513,,1,0.075,,1.211513,,95,2,38,2,95,2,38,2,0.239,3,0.079667
25_4,4000.000054,0.01681,,144661,,596665,,0.192,,0.047,50002,1,,0,1,50002,4000.000054,54002.00005,,3.028185,,2,,54002.00005,54002.00005,1,1,1,0,0,0,0.274,,2.545375,,1,0.137,,1.272687,,1332,3,80,1,666,1,40,0,0.231,3,0.077
25_5,3823.999849,0.016304,,333742,,1499793,,0.527,,0.117,50001,1,,1,0,50001,3823.999849,53824.99985,,0.660304,,1,,53824.99985,53824.99985,1,1,1,0,0,0,0.117,,0,,0,0.117,,0,,0,0,0,0,0,0,0,0,0,0,0
25_6,3855.99975,0.017738,,243057,,1058412,,0.352,,0.084,50001,1,,1,0,50001,3855.99975,53856.99975,,0.453738,,1,,53856.99975,53856.99975,1,1,1,0,0,0,0.084,,0,,0,0.084,,0,,0,0,0,0,0,0,0,0,0,0,0
25_3,4083.999228,0.01625,,264907,,1165608,,0.404,,0.093,50002,1,,1,0,50002,4083.999228,54085.99923,,0.51325,,1,,54085.99923,54085.99923,1,1,1,0,0,0,0.093,,0,,0,0.093,,0,,0,0,0,0,0,0,0,0,0,0,0
25_2,3807.999772,0.01795,,348507,,1572283,,0.557,,0.12,50001,0,,0,0,50001,3807.999772,53808.99977,,4.132496,,1,,53808.99977,53808.99977,1,1,1,0,0,0,0.12,,3.437546,,1,0.12,,3.437546,,974,0,178,7,974,0,178,7,1.168,8,0.146
25_7,3815.99969,0.026719,,151489,,628382,,0.201,,0.063,50001,0,,0,0,50002,3815.99969,53817.99969,,51.487101,,12,,53817.99969,53817.99969,1,1,1,0,0,0,23.742,,27.517382,,12,1.9785,,2.293115,,9874,24,768,110,822,2,64,9,10.449,122,0.085648
25_14,3808.000159,0.016338,,109964,,421755,,0.131,,0.033,50001,1,,1,0,50001,3808.000159,53809.00016,,0.180338,,1,,53809.00016,53809.00016,1,1,1,0,0,0,0.033,,0,,0,0.033,,0,,0,0,0,0,0,0,0,0,0,0,0
25_13,3815.99969,0.017224,,230446,,1010380,,0.345,,0.081,60001,1,,1,0,60001,3815.99969,63816.99969,,0.443224,,1,,63816.99969,63816.99969,1,1,1,0,0,0,0.081,,0,,0,0.081,,0,,0,0,0,0,0,0,0,0,0,0,0
25_12,4083.999228,0.016111,,309599,,1379387,,0.48,,0.11,50001,1,,1,0,50001,4083.999228,54084.99923,,0.606111,,1,,54084.99923,54084.99923,1,1,1,0,0,0,0.11,,0,,0,0.11,,0,,0,0,0,0,0,0,0,0,0,0,0
25_17,3895.999271,0.026535,,185929,,795812,,0.265,,0.073,50001,1,,1,0,50001,3895.999271,53896.99927,,0.364535,,1,,53896.99927,53896.99927,1,1,1,0,0,0,0.073,,0,,0,0.073,,0,,0,0,0,0,0,0,0,0,0,0,0
25_15,4052.000254,0.017273,,318842,,1428545,,0.493,,0.109,50001,1,,1,0,50001,4052.000254,54053.00025,,0.619273,,1,,54053.00025,54053.00025,1,1,1,0,0,0,0.109,,0,,0,0.109,,0,,0,0,0,0,0,0,0,0,0,0,0
25_19,4111.999956,0.018072,,323055,,1448679,,0.504,,0.126,50001,1,,1,0,50001,4111.999956,54112.99996,,0.648072,,1,,54112.99996,54112.99996,1,1,1,0,0,0,0.126,,0,,0,0.126,,0,,0,0,0,0,0,0,0,0,0,0,0
25_16,3831.999519,0.018664,,245130,,1075276,,0.359,,0.086,60001,0,,0,0,60001,3831.999519,63832.99952,,0.98908,,1,,63832.99952,63832.99952,1,1,1,0,0,0,0.086,,0.525416,,1,0.086,,0.525416,,19,0,14,0,19,0,14,0,0.108,2,0.054
25_11,3819.999826,0.017163,,288484,,1277581,,0.448,,0.104,40001,1,,0,1,40001,3819.999826,43820.99983,,0.569163,,1,,43820.99983,43820.99983,1,1,1,0,0,0,0.104,,0,,0,0.104,,0,,0,0,0,0,0,0,0,0,0.056,1,0.056
25_18,3808.000159,0.023631,,289997,,1290202,,0.449,,0.137,50001,1,,1,0,50001,3808.000159,53809.00016,,0.609631,,1,,53809.00016,53809.00016,1,1,1,0,0,0,0.137,,0,,0,0.137,,0,,0,0,0,0,0,0,0,0,0,0,0
25_28,3831.999519,0.01975,,101881,,399623,,0.124,,0.034,50003,1,,1,0,50003,3831.999519,53834.99952,,0.17775,,1,,53834.99952,53834.99952,1,1,1,0,0,0,0.034,,0,,0,0.034,,0,,0,0,0,0,0,0,0,0,0,0,0
25_22,3816.000032,0.017146,,83299,,311228,,0.093,,0.025,50002,0,,0,0,50002,3816.000032,53818.00003,,1.238091,,1,,53818.00003,53818.00003,1,1,1,0,0,0,0.025,,1.102945,,1,0.025,,1.102945,,87,2,9,0,87,2,9,0,0.093,1,0.093
25_29,4052.000254,0.031587,,270271,,1191620,,0.413,,0.098,40003,1,,1,0,40003,4052.000254,44055.00025,,0.542587,,1,,44055.00025,44055.00025,1,1,1,0,0,0,0.098,,0,,0,0.098,,0,,0,0,0,0,0,0,0,0,0,0,0
25_20,3823.999599,0.023872,,349633,,1577656,,0.564,,0.133,50001,1,,0,1,50001,3823.999599,53824.9996,,0.720872,,1,,53824.9996,53824.9996,1,1,1,0,0,0,0.133,,0,,0,0.133,,0,,0,0,0,0,0,0,0,0,0.056,1,0.056
25_21,3831.999645,0.017678,,274211,,1210538,,0.42,,0.102,50002,1,,0,1,50002,3831.999645,53833.99965,,0.539678,,1,,53833.99965,53833.99965,1,1,1,0,0,0,0.102,,0,,0,0.102,,0,,0,0,0,0,0,0,0,0,0.055,1,0.055
25_24,3839.99956,0.017061,,296872,,1318962,,0.464,,0.104,50001,1,,0,1,50001,3839.99956,53840.99956,,0.585061,,1,,53840.99956,53840.99956,1,1,1,0,0,0,0.104,,0,,0,0.104,,0,,0,0,0,0,0,0,0,0,0.044,1,0.044
25_26,3895.999023,0.017781,,322002,,1443678,,0.495,,0.112,50001,1,,1,0,50001,3895.999023,53896.99902,,0.624781,,1,,53896.99902,53896.99902,1,1,1,0,0,0,0.112,,0,,0,0.112,,0,,0,0,0,0,0,0,0,0,0,0,0
25_23,3824.000046,0.017551,,153065,,633793,,0.207,,0.058,50002,1,,1,0,50002,3824.000046,53826.00005,,0.282551,,1,,53826.00005,53826.00005,1,1,1,0,0,0,0.058,,0,,0,0.058,,0,,0,0,0,0,0,0,0,0,0,0,0
25_27,3856.000155,0.017255,,181113,,772351,,0.249,,0.07,40003,1,,0,1,40003,3856.000155,43859.00016,,0.336255,,1,,43859.00016,43859.00016,1,1,1,0,0,0,0.07,,0,,0,0.07,,0,,0,0,0,0,0,0,0,0,0.055,1,0.055
25_25,3856.000155,0.01711,,366269,,1659473,,0.582,,0.128,50001,0,,0,0,50001,3856.000155,53857.00016,,8.615468,,2,,53857.00016,53857.00016,1,1,1,0,0,0,1.002,,7.014358,,2,0.501,,3.507179,,3674,4,121,4,1837,2,60,2,0.894,6,0.149
25_30,3807.999772,0.018051,,143877,,593215,,0.189,,0.05,50002,1,,1,0,50002,3807.999772,53809.99977,,0.257051,,1,,53809.99977,53809.99977,1,1,1,0,0,0,0.05,,0,,0,0.05,,0,,0,0,0,0,0,0,0,0,0,0,0
30_4,4599.999917,0.02538,0.026701567,557157,653042.1,2496934,2970042.233,0.904,1.111333333,0.22,60002,1,24,1,0,60002,4599.999917,64601.99992,66629.9997,1.14938,3.713309833,1,1.033333333,64601.99992,64601.99992,1,1,1,0,0,0,0.22,0.316133333,0,2.2591416,0,0.22,0.291766667,0,1.792184833,0,0,0,0,0,0,0,0,0,0,0
30_7,4493.333668,0.024144,,595056,,2682735,,0.995,,0.238,60002,1,,0,1,60002,4493.333668,64495.33367,,1.257144,,1,,64495.33367,64495.33367,1,1,1,0,0,0,0.238,,0,,0,0.238,,0,,0,0,0,0,0,0,0,0,0.095,1,0.095
30_6,4616.665375,0.031115,,540190,,2380235,,0.874,,0.208,60001,1,,0,1,60001,4616.665375,64617.66538,,1.113115,,1,,64617.66538,64617.66538,1,1,1,0,0,0,0.208,,0,,0,0.208,,0,,0,0,0,0,0,0,0,0,0.096,1,0.096
30_5,4589.999828,0.0249,,514462,,2284564,,0.841,,0.269,60002,1,,1,0,60002,4589.999828,64591.99983,,1.1349,,1,,64591.99983,64591.99983,1,1,1,0,0,0,0.269,,0,,0,0.269,,0,,0,0,0,0,0,0,0,0,0,0,0
30_1,4829.999703,0.029275,,744006,,3417854,,1.282,,0.322,60001,1,,1,0,60001,4829.999703,64830.9997,,1.633275,,1,,64830.9997,64830.9997,1,1,1,0,0,0,0.322,,0,,0,0.322,,0,,0,0,0,0,0,0,0,0,0,0,0
30_3,4629.999509,0.025235,,883956,,4111447,,1.589,,0.352,60001,0,,0,0,60001,4629.999509,64630.99951,,3.885324,,1,,64630.99951,64630.99951,1,1,1,0,0,0,0.352,,1.919089,,1,0.352,,1.919089,,124,1,20,0,124,1,20,0,0.208,1,0.208
30_2,4999.998224,0.021191,,630936,,2859452,,1.053,,0.258,70001,0,,0,0,70001,4999.998415,75000.99842,,13.715593,,1,,75000.99842,75000.99822,1,1,1,0,0,0,0.258,,12.383402,,1,0.258,,12.383402,,2611,16,565,28,2611,16,565,28,4.022,29,0.13869
30_8,4479.999724,0.031863,,413272,,1788976,,0.63,,0.153,70001,0,,0,0,70001,4479.999724,74480.99972,,30.14127,,2,,74480.99972,74480.99972,1,1,1,0,0,0,1.462,,28.017407,,2,0.731,,14.008704,,10809,10,331,27,5404,5,165,13,3.54,29,0.122069
30_15,4396.666536,0.02521,,427375,,1880261,,0.669,,0.168,70001,1,,1,0,70001,4396.666536,74397.66654,,0.86221,,1,,74397.66654,74397.66654,1,1,1,0,0,0,0.168,,0,,0,0.168,,0,,0,0,0,0,0,0,0,0,0,0,0
30_12,4396.666384,0.024809,,444465,,1932748,,0.678,,0.171,70001,1,,1,0,70001,4396.666384,74397.66638,,0.873809,,1,,74397.66638,74397.66638,1,1,1,0,0,0,0.171,,0,,0,0.171,,0,,0,0,0,0,0,0,0,0,0,0,0
30_9,4603.332558,0.02258,,404717,,1784265,,0.622,,0.15,60002,1,,0,1,60002,4603.332558,64605.33256,,0.79458,,1,,64605.33256,64605.33256,1,1,1,0,0,0,0.15,,0,,0,0.15,,0,,0,0,0,0,0,0,0,0,0.093,1,0.093
30_13,4600.000006,0.025503,,396233,,1733575,,0.618,,0.166,60003,1,,1,0,60003,4600.000006,64603.00001,,0.809503,,1,,64603.00001,64603.00001,1,1,1,0,0,0,0.166,,0,,0,0.166,,0,,0,0,0,0,0,0,0,0,0,0,0
30_16,4999.998224,0.02123,,875505,,4064856,,1.576,,0.378,60001,1,,0,1,60001,4999.998224,65000.99822,,1.97523,,1,,65000.99822,65000.99822,1,1,1,0,0,0,0.378,,0,,0,0.378,,0,,0,0,0,0,0,0,0,0,0.1,1,0.1
30_14,4616.666433,0.025562,,819158,,3788045,,1.455,,0.323,60001,1,,1,0,60001,4616.666433,64617.66643,,1.803562,,1,,64617.66643,64617.66643,1,1,1,0,0,0,0.323,,0,,0,0.323,,0,,0,0,0,0,0,0,0,0,0,0,0
30_11,4599.999917,0.025907,,790101,,3645838,,1.368,,0.315,70001,1,,1,0,70001,4599.999917,74600.99992,,1.708907,,1,,74600.99992,74600.99992,1,1,1,0,0,0,0.315,,0,,0,0.315,,0,,0,0,0,0,0,0,0,0,0,0,0
30_10,4799.999923,0.026765,,852463,,3950147,,1.527,,0.345,60001,1,,1,0,60001,4799.999923,64800.99992,,1.898765,,1,,64800.99992,64800.99992,1,1,1,0,0,0,0.345,,0,,0,0.345,,0,,0,0,0,0,0,0,0,0,0,0,0
30_24,4506.666726,0.022097,,501777,,2201268,,0.804,,0.24,60001,1,,1,0,60001,4506.666726,64507.66673,,1.066097,,1,,64507.66673,64507.66673,1,1,1,0,0,0,0.24,,0,,0,0.24,,0,,0,0,0,0,0,0,0,0,0,0,0
30_21,4576.666459,0.026946,,506788,,2224102,,0.821,,0.26,70001,1,,0,1,70001,4576.666459,74577.66646,,1.107946,,1,,74577.66646,74577.66646,1,1,1,0,0,0,0.26,,0,,0,0.26,,0,,0,0,0,0,0,0,0,0,0.095,1,0.095
30_19,4463.33338,0.04838,,557772,,2507310,,0.92,,0.232,60001,1,,1,0,60001,4463.33338,64464.33338,,1.20038,,1,,64464.33338,64464.33338,1,1,1,0,0,0,0.232,,0,,0,0.232,,0,,0,0,0,0,0,0,0,0,0,0,0
30_18,4546.666586,0.026667,,942990,,4401404,,1.726,,0.374,60001,1,,1,0,60001,4546.666586,64547.66659,,2.126667,,1,,64547.66659,64547.66659,1,1,1,0,0,0,0.374,,0,,0,0.374,,0,,0,0,0,0,0,0,0,0,0,0,0
30_22,4396.666384,0.025468,,568854,,2557632,,0.944,,0.215,50003,1,,1,0,50003,4396.666384,54399.66638,,1.184468,,1,,54399.66638,54399.66638,1,1,1,0,0,0,0.215,,0,,0,0.215,,0,,0,0,0,0,0,0,0,0,0,0,0
30_20,4889.999771,0.028505,,944680,,4409192,,1.691,,0.453,50002,1,,0,1,50002,4889.999771,54891.99977,,2.172505,,1,,54891.99977,54891.99977,1,1,1,0,0,0,0.453,,0,,0,0.453,,0,,0,0,0,0,0,0,0,0,0.096,1,0.096
30_17,4849.999446,0.02735,,869328,,4033195,,1.55,,0.352,60002,0,,0,0,60002,4849.999446,64851.99945,,9.073532,,1,,64851.99945,64851.99945,1,1,1,0,0,0,0.352,,7.144182,,1,0.352,,7.144182,,255,1,74,9,255,1,74,9,2.229,10,0.2229
30_23,4603.330499,0.025818,,852484,,3950160,,1.509,,0.352,60001,0,,0,0,60001,4603.332788,64604.33279,,17.199678,,1,,64604.33279,64604.3305,1,1,1,0,0,0,0.352,,15.31286,,1,0.352,,15.31286,,988,6,69,3,988,6,69,3,0.831,7,0.118714
30_30,4610.000223,0.028435,,461572,,2038314,,0.735,,0.209,60001,1,,0,1,60001,4610.000223,64611.00022,,0.972435,,1,,64611.00022,64611.00022,1,1,1,0,0,0,0.209,,0,,0,0.209,,0,,0,0,0,0,0,0,0,0,0.103,1,0.103
30_28,4546.666586,0.025917,,629380,,2846773,,1.041,,0.242,70001,0,,0,0,70001,4546.666586,74547.66659,,4.306225,,1,,74547.66659,74547.66659,1,1,1,0,0,0,0.242,,2.997308,,1,0.242,,2.997308,,417,1,67,2,417,1,67,2,0.648,3,0.216
30_29,4799.999923,0.025759,,730770,,3338201,,1.251,,0.359,70001,1,,0,1,70001,4799.999923,74800.99992,,1.635759,,1,,74800.99992,74800.99992,1,1,1,0,0,0,0.359,,0,,0,0.359,,0,,0,0,0,0,0,0,0,0,0.097,1,0.097
30_26,4600.00039,0.026877,,497213,,2214852,,0.799,,0.186,60001,1,,0,1,60001,4600.00039,64601.00039,,1.011877,,1,,64601.00039,64601.00039,1,1,1,0,0,0,0.186,,0,,0,0.186,,0,,0,0,0,0,0,0,0,0,0.084,1,0.084
30_27,4496.666828,0.026345,,790692,,3648434,,1.374,,0.318,60001,1,,1,0,60001,4496.666828,64497.66683,,1.718345,,1,,64497.66683,64497.66683,1,1,1,0,0,0,0.318,,0,,0,0.318,,0,,0,0,0,0,0,0,0,0,0,0,0
30_25,4719.999522,0.025814,,847911,,3928498,,1.494,,0.347,60001,1,,0,1,60001,4719.999522,64720.99952,,1.866814,,1,,64720.99952,64720.99952,1,1,1,0,0,0,0.347,,0,,0,0.347,,0,,0,0,0,0,0,0,0,0,0.094,1,0.094
