Ins,LB.2nd.Stage,Time.LB,OP.status,MP.Status,SP.Status,Num.Iteration,"#Avg,Iter",Gap,Total.Time,Avg.Total.Time,Total.Time.MP,Total.Time.SP,Avg.Time.MP,Avg.Time.SP,UB,LB,Obj.MP,Obj-F1F2,Obj-theta,Obj-SP,Num.OptCut,Num.NogoodCut
10_2,-1,0,1,1,1,19,320,0,21.888302,501.4279123,3.571638,18.316663,0.187981,0.964035,21601.00003,21601.00003,21601.00003,20001,1600.000033,1600.000033,0,18
10_4,-1,0,1,1,1,25,,0,31.877585,,3.586886,28.290699,0.143475,1.131628,21480.9999,21480.9999,21480.9999,20001,1479.999898,1479.999898,1,23
10_5,-1,0,1,1,1,73,,0,95.082878,,31.834852,63.248026,0.436094,0.866411,21481.99993,21481.99993,21481.99993,20002,1479.999927,1479.999927,1,71
10_3,-1,0,1,1,1,121,,0,148.85681,,32.982615,115.874195,0.272584,0.957638,21521.99204,21521.99941,21521.99941,20002,1519.999412,1519.999412,0,120
10_1,-1,0,1,1,1,193,,0,283.30138,,101.8509,181.45048,0.527725,0.940158,21473.00001,21473.00001,21473.00001,20003,1470.000014,1470.000014,1,191
10_18,-1,0,1,1,1,7,,0,5.301212,,0.340583,4.960629,0.048655,0.708661,21550.99996,21550.99996,21550.99996,20001,1549.999961,1549.999961,0,6
10_29,-1,0,1,1,1,7,,0,6.15537,,0.242065,5.913305,0.034581,0.844758,21601.0001,21601.0001,21601.0001,20001,1600.000101,1600.000101,1,5
10_25,-1,0,1,1,1,61,,0,48.783473,,10.02249,38.760983,0.164303,0.635426,21470.99992,21470.99992,21470.99992,20001,1469.999915,1469.999915,0,60
10_13,-1,0,1,1,1,73,,0,59.569164,,16.197204,43.371959,0.22188,0.594136,21521.99987,21521.99987,21521.99987,20002,1519.99987,1519.99987,0,72
10_23,-1,0,1,1,1,141,,0,129.536697,,24.13491,105.401787,0.17117,0.74753,21491.00006,21491.00006,21491.00006,20001,1490.000063,1490.000063,0,140
10_7,-1,0,1,1,1,109,,0,144.828147,,34.951236,109.876911,0.320654,1.008045,21471.99839,21471.99839,21471.99839,20002,1469.998392,1469.998392,1,107
10_22,-1,0,1,1,1,61,,0,152.959824,,14.297139,138.662685,0.234379,2.273159,21611.99996,21611.99996,21611.99996,20002,1609.999961,1609.999961,1,59
10_14,-1,0,1,1,1,91,,0,179.720238,,30.714464,149.005774,0.337522,1.637426,21611.99984,21611.99984,21611.99984,20002,1609.999841,1609.999841,1,89
10_12,-1,0,1,1,1,181,,0,189.353119,,50.580529,138.77259,0.27945,0.766699,21531.99992,21531.99992,21531.99992,20002,1529.999922,1529.999922,0,180
10_16,-1,0,1,1,1,181,,0,212.141373,,66.876162,145.265212,0.369482,0.80257,21633.00002,21633.00002,21633.00002,20003,1630.000019,1630.000019,0,180
10_26,-1,0,1,1,1,181,,0,200.651608,,52.21404,148.437568,0.288475,0.820097,21481.99995,21481.99995,21481.99995,20002,1479.999951,1479.999951,0,180
10_17,-1,0,1,1,1,181,,0,276.942948,,75.767304,201.175644,0.418604,1.111468,21493.00006,21493.00006,21493.00006,20003,1490.000063,1490.000063,3,177
10_9,-1,0,1,1,1,361,,0,363.500766,,202.271343,161.229423,0.560308,0.446619,21203.00004,21203.00004,21203.00004,20003,1200.000042,1200.000042,0,360
10_10,-1,0,1,1,1,361,,0,402.031549,,127.787568,274.243981,0.353982,0.759679,21562.00001,21562.00001,21562.00001,20002,1560.000014,1560.000014,0,360
10_6,-1,0,1,1,1,217,,0,416.636366,,152.995142,263.641225,0.705047,1.214937,21482.99993,21482.99993,21482.99993,20003,1479.999927,1479.999927,1,215
10_30,-1,0,1,1,1,361,,0,466.266526,,138.021318,328.245208,0.382331,0.909267,21492.00001,21492.00001,21492.00001,20002,1490.00001,1490.00001,1,359
10_28,-1,0,1,1,1,301,,0,482.016583,,168.799891,313.216692,0.560797,1.040587,21491.9999,21491.9999,21491.9999,20002,1489.999895,1489.999895,1,299
10_27,-1,0,1,1,1,217,,0,485.765562,,156.942072,328.82349,0.723235,1.515316,21603.0001,21603.0001,21603.0001,20003,1600.000101,1600.000101,1,215
10_21,-1,0,1,1,1,401,,0,578.734249,,216.883213,361.851037,0.540856,0.902372,21631.00002,21631.00002,21631.00002,20001,1630.000019,1630.000019,1,399
10_15,-1,0,1,1,1,361,,0,610.731735,,222.497314,388.234421,0.616336,1.075442,21633.00002,21633.00002,21633.00002,20003,1630.000019,1630.000019,0,360
10_8,-1,0,1,1,1,361,,0,666.260678,,157.653801,508.606877,0.436714,1.408883,21551.99996,21551.99996,21551.99996,20002,1549.999961,1549.999961,0,360
10_24,-1,0,1,1,1,451,,0,696.694752,,243.759104,452.935647,0.540486,1.004292,31480.99907,31480.99907,31480.99907,30001,1479.999068,1479.999068,0,450
10_20,-1,0,1,1,1,1351,,0,2110.596614,,1231.735911,878.860703,0.911722,0.650526,31570.99994,31570.99994,31570.99994,30001,1569.999941,1569.999941,0,1350
10_19,-1,0,1,1,1,1351,,0,2459.135051,,1263.299176,1195.835876,0.935085,0.885149,31491.00005,31491.00005,31491.00005,30001,1490.000047,1490.000047,0,1350
10_11,-1,0,1,1,1,1801,,0,3117.516811,,2321.08074,796.436071,1.288773,0.442219,31642,31642,31642,30002,1639.999995,1639.999995,0,1800
20_1,-1,0,-1,1,-1,111,156.4666667,0.064799,3605.023627,,593.156514,3011.867113,5.343752,27.133938,53241.00003,50001,50001,50001,0,-1,4,105
20_2,-1,0,-1,1,-1,230,,0.075944,3605.008636,,483.75422,3121.254417,2.103279,13.570671,43040.99963,40003,40003,40003,0,-1,0,228
20_3,-1,0,-1,1,-1,115,,0.077944,3605.115145,,479.995031,3125.120114,4.17387,27.174958,43120.99983,40003,40003,40003,0,-1,3,110
20_4,-1,0,-1,1,-1,137,,0.075496,3605.166996,,195.48949,3409.677506,1.426931,24.888157,43021.98495,40002,40002,40002,0,-1,6,129
20_5,-1,0,-1,1,-1,160,,0.059178,3605.077798,,729.923104,2875.154694,4.562019,17.969717,52960.99995,50002,50002,50002,0,-1,0,158
20_6,-1,0,-1,1,-1,209,,0.058778,3605.015065,,413.929622,3191.085443,1.980525,15.268351,52940.99995,50002,50002,50002,0,-1,0,207
20_7,-1,0,-1,1,-1,161,,0.075469,3605.000397,,361.292017,3243.70838,2.24405,20.147257,43021.99977,40003,40003,40003,0,-1,0,159
20_8,-1,0,-1,1,-1,197,,0.077967,3605.002975,,1075.778963,2529.224011,5.460807,12.838701,43123,40004,40004,40004,0,-1,0,195
20_9,-1,0,-1,1,-1,181,,0.063977,3605.004175,,771.492392,2833.511783,4.262389,15.654761,53201.00024,50002,50002,50002,0,-1,0,179
20_10,-1,0,-1,1,-1,181,,0.077971,3605.158167,,533.996495,3071.161673,2.950257,16.967744,43120.99968,40002,40002,40002,0,-1,2,177
20_11,-1,0,-1,1,-1,179,,0.073968,3605.002519,,756.399359,2848.60316,4.225695,15.913984,42962.99992,40004,40004,40004,0,-1,0,177
20_12,-1,0,-1,1,-1,155,,0.065597,3605.00462,,492.084334,3112.920286,3.174738,20.083357,53281.99944,50002,50002,50002,0,-1,4,149
20_14,-1,0,-1,1,-1,150,,0.062378,3605.015715,,1476.508258,2128.507457,9.843388,14.19005,53121.00024,50002,50002,50002,0,-1,0,148
20_13,-1,0,-1,1,-1,243,,0.075444,3605.002403,,493.140495,3111.861907,2.029385,12.806016,43020.99996,40003,40003,40003,0,-1,0,241
20_15,-1,0,-1,1,-1,131,,0.075444,3605.001652,,550.217418,3054.784235,4.200133,23.318964,43020.99977,40003,40003,40003,0,-1,1,128
20_17,-1,0,-1,1,-1,197,,0.108582,3605.008367,,153.700148,3451.308219,0.780204,17.519331,33263.00032,30005,30005,30005,0,-1,0,195
20_18,-1,0,-1,1,-1,239,,0.075969,3605.005046,,525.000544,3080.004502,2.196655,12.887048,43041.99986,40003,40003,40003,0,-1,0,237
20_26,-1,0,-1,1,-1,100,,0.064399,3605.095812,,740.294119,2864.801693,7.402941,28.648017,53221.00008,50001,50001,50001,0,-1,3,95
20_23,-1,0,-1,1,-1,82,,0.075469,3605.091806,,306.19629,3298.895516,3.734101,40.230433,43022.00005,40002.99556,40002.99556,40002.99556,0,-1,3,77
20_25,-1,0,-1,1,-1,93,,0.075969,3605.020878,,859.277073,2745.743805,9.239538,29.524127,43041.99987,40002.99499,40002.99499,40002.99499,0,-1,0,91
20_20,-1,0,-1,1,-1,111,,0.074944,3605.08696,,373.757568,3231.329392,3.367185,29.111076,43000.99981,40003,40003,40003,0,-1,0,109
20_19,-1,0,-1,1,-1,93,,0.080971,3605.018877,,312.969786,3292.049091,3.365267,35.398377,43240.9998,40002,40002,40002,0,-1,2,89
20_24,-1,0,-1,1,-1,122,,0.075442,3605.014509,,713.266922,2891.747587,5.84645,23.702849,43021.99996,40004,40004,40004,0,-1,0,120
20_27,-1,0,-1,1,-1,200,,0.074943,3605.005896,,354.670496,3250.3354,1.773352,16.251677,43001.99983,40004,40004,40004,0,-1,0,198
20_22,-1,0,-1,1,-1,156,,0.059999,3605.000935,,1042.388279,2562.612656,6.681976,16.427004,53001.00016,50001,50001,50001,0,-1,0,154
20_29,-1,0,-1,1,1,148,,0.077944,3604.872794,,414.09433,3190.778464,2.797935,21.559314,43120.98868,40003,40003,40003,0,3119.999531,2,145
20_30,-1,0,-1,1,1,146,,0.077469,3604.644651,,297.73511,3306.909541,2.039282,22.650065,43102.00007,40003,40003,40003,0,3100.000295,0,145
20_16,-1,0,-1,1,-1,116,,0.074969,3605.00537,,590.129616,3014.875754,5.087324,25.990308,43002.00016,40003,40003,40003,0,-1,2,112
20_21,-1,0,-1,1,-1,230,,0.075467,3605.005841,,507.278439,3097.727401,2.205558,13.46838,43022.99995,40004,40004,40004,0,-1,0,228
20_28,-1,0,-1,1,-1,121,,0.065577,3605.103993,,650.315585,2954.788408,5.374509,24.419739,53280.99887,50002,50002,50002,0,-1,3,116
30_1,-1,0,-1,1,-1,12,,0.078665,3605.106547,,114.227193,3490.879354,9.518933,290.906613,64720.99929,60001,60001,60001,0,-1,0,10
30_2,-1,0,-1,1,-1,26,,0.079981,3605.155834,,365.862582,3239.293252,14.071638,124.588202,64800.99971,60002,60002,60002,0,-1,0,24
30_3,-1,0,-1,1,-1,11,,0.074221,3605.213764,,125.79511,3479.418654,11.435919,316.310787,64454.33309,60001,60001,60001,0,-1,0,9
30_5,-1,0,-1,1,-1,13,,0.07696,3605.026631,,254.614892,3350.411739,19.585761,257.72398,64618.6656,60001,60001,60001,0,-1,3,8
30_6,-1,0,-1,1,-1,10,,0.076275,3605.143275,,127.10269,3478.040585,12.710269,347.804058,64578.66608,60002,60002,60002,0,-1,0,8
30_4,-1,0,-1,1,-1,20,,0.076221,3605.002867,,376.782007,3228.22086,18.8391,161.411043,64574.33335,60001,60001,60001,0,-1,0,18
30_7,-1,0,-1,1,-1,17,,0.075091,3605.036298,,484.398514,3120.637784,28.49403,183.566928,64508.66673,60003,60003,60003,0,-1,2,13
30_8,-1,0,-1,1,-1,17,,0.075759,3605.072796,,250.458705,3354.614091,14.732865,197.330241,64547.66645,60002,60002,60002,0,-1,1,14
30_10,-1,0,-1,1,-1,11,,0.063189,3605.399688,,503.701584,3101.698103,45.791053,281.972555,74425.3328,70002,70002,70002,0,-1,0,9
30_11,-1,0,-1,1,-1,31,,0.073998,3605.006289,,246.840043,3358.166246,7.962582,108.327943,64441.99997,60002,60002,60002,0,-1,0,29
30_12,-1,0,-1,1,-1,12,,0.074221,3605.004596,,154.173752,3450.830844,12.847813,287.569237,64454.33319,60001,60001,60001,0,-1,0,10
30_22,-1,0,-1,1,-1,13,,0.078497,3605.078119,,136.797038,3468.281081,10.522849,266.790852,64712.00002,60002,60002,60002,0,-1,1,10
30_14,-1,0,-1,1,-1,11,,0.073498,3605.505991,,154.000032,3451.50596,14.000003,313.773269,64412.00013,60002,60002,60002,0,-1,1,8
30_18,-1,0,-1,1,-1,8,,0.075758,3605.247344,,81.637336,3523.610008,10.204667,440.451251,64547.6586,60002,60002,60002,0,-1,1,5
30_17,-1,0,-1,1,-1,20,,0.076721,3605.012677,,214.712946,3390.299731,10.735647,169.514987,64604.33256,60001,60001,60001,0,-1,1,17
30_23,-1,0,-1,1,-1,25,,0.073717,3605.012977,,258.8262,3346.186777,10.353048,133.847471,64427.33288,60004,60004,60004,0,-1,0,23
30_26,-1,0,-1,1,-1,18,,0.076718,3605.123794,,287.634162,3317.489632,15.979676,184.30498,64606.33313,60003,60003,60003,0,-1,1,15
30_19,-1,0,-1,1,-1,13,,0.074888,3605.066494,,133.708891,3471.357604,10.285299,267.027508,64494.33258,60001,60001,60001,0,-1,0,11
30_21,-1,0,-1,1,-1,16,,0.076718,3605.13884,,256.595351,3348.543489,16.037209,209.283968,64606.33256,60003,60003,60003,0,-1,1,13
30_15,-1,0,-1,1,-1,14,,0.078664,3605.173367,,175.991213,3429.182154,12.570801,244.941582,64721.99952,60002,60002,60002,0,-1,1,11
30_16,-1,0,-1,1,-1,14,,0.074443,3605.038783,,130.652953,3474.38583,9.332354,248.170416,64467.66666,60000.99666,60000.99666,60000.99666,0,-1,3,9
30_20,-1,0,-1,1,-1,22,,0.075997,3605.181581,,416.052889,3189.128692,18.911495,144.960395,64561.99952,60002,60002,60002,0,-1,0,20
30_25,-1,0,-1,1,-1,10,,0.081607,3605.497866,,301.781691,3303.716175,30.178169,330.371618,64899.66611,60003,60003,60003,0,-1,2,6
30_24,-1,0,-1,1,-1,19,,0.076832,3605.022391,,143.418986,3461.603405,7.548368,182.189653,64610.99996,60001,60001,60001,0,-1,0,17
30_9,-1,0,-1,1,-1,22,,0.068999,3605.254128,,1175.713293,2429.540835,53.441513,110.433674,74830.99989,70001,70001,70001,0,-1,1,19
30_13,-1,0,-1,1,-1,5,,0.070713,3605.180018,,2829.195522,775.984496,565.839104,155.196899,74950.99941,70001,70001,70001,0,-1,1,2
30_28,-1,0,-1,1,-1,13,,0.080831,3605.156092,,194.39962,3410.756471,14.953817,262.365882,64851.99945,60002,60002,60002,0,-1,0,11
30_27,-1,0,-1,-1,-1,2,,0.615962,5607.774,,5357.509,250.25,2678.7545,125.125,573.666655,355,355,355,0,218.666655,0,0
30_29,-1,0,-1,1,-1,21,,0.07372,3605.087769,,205.145859,3399.941911,9.76885,161.901996,64425.33294,60002,60002,60002,0,-1,0,19
30_30,-1,0,-1,1,-1,16,,0.082497,3605.005526,,160.5054,3444.500126,10.031587,215.281258,64951.99945,60002,60002,60002,0,-1,0,14
40_6,-1,0,-1,1,-1,1,,-1,3605.328777,,13.003439,3592.325338,13.003439,3592.325338,100000,40002,40002,40002,0,-1,-1,0
40_3,-1,0,-1,1,-1,1,,-1,3605.292648,,13.533331,3591.759317,13.533331,3591.759317,100000,40002,40002,40002,0,-1,-1,0
40_5,-1,0,-1,1,-1,1,,-1,3605.995541,,27.458056,3578.537485,27.458056,3578.537485,100000,40003,40003,40003,0,-1,-1,0
40_2,-1,0,-1,1,-1,1,,-1,3605.608174,,149.725395,3455.882779,149.725395,3455.882779,100000,50001,50001,50001,0,-1,-1,0
40_4,-1,0,-1,1,-1,1,,-1,3605.412732,,232.433759,3372.978973,232.433759,3372.978973,100000,50001,50001,50001,0,-1,-1,0
40_1,-1,0,-1,1,-1,1,,-1,3607.157307,,16.980658,3590.176649,16.980658,3590.176649,100000,40001,40001,40001,0,-1,-1,0
40_8,-1,0,-1,1,-1,1,,-1,3605.207913,,28.088731,3577.119182,28.088731,3577.119182,100000,40002,40002,40002,0,-1,-1,0
40_7,-1,0,-1,1,-1,2,,0.149597,3605.561834,,66.503829,3539.058005,33.251915,1769.529002,57481.00019,50001,50001,50001,0,-1,0,0
40_9,-1,0,-1,1,-1,1,,-1,3605.692041,,12.236427,3593.455614,12.236427,3593.455614,100000,40001,40001,40001,0,-1,-1,0
40_12,-1,0,-1,1,-1,1,,-1,3605.195034,,85.267655,3519.927379,85.267655,3519.927379,100000,50001,50001,50001,0,-1,-1,0
40_10,-1,0,-1,1,-1,1,,-1,3605.094222,,31.781442,3573.31278,31.781442,3573.31278,100000,40002,40002,40002,0,-1,-1,0
40_13,-1,0,-1,1,-1,2,,0.123198,3605.08474,,56.277039,3548.807701,28.13852,1774.403851,56160.9997,50001,50001,50001,0,-1,0,0
40_11,-1,0,-1,1,-1,6,,0.150242,3605.067628,,133.199958,3471.86767,22.199993,578.644612,46011.99962,40002,40002,40002,0,-1,1,3
40_14,-1,0,-1,1,-1,1,,-1,3605.278694,,12.45288,3592.825814,12.45288,3592.825814,100000,40002,40002,40002,0,-1,-1,0
40_15,-1,0,-1,1,-1,1,,-1,3605.204943,,17.930133,3587.27481,17.930133,3587.27481,100000,40001,40001,40001,0,-1,-1,0
40_18,-1,0,-1,1,-1,1,,-1,3605.220762,,19.047454,3586.173308,19.047454,3586.173308,100000,40002,40002,40002,0,-1,-1,0
40_17,-1,0,-1,1,-1,1,,-1,3605.755997,,34.057173,3571.698824,34.057173,3571.698824,100000,40002,40002,40002,0,-1,-1,0
40_16,-1,0,-1,1,-1,1,,-1,3605.303082,,134.70473,3470.598352,134.70473,3470.598352,100000,50001,50001,50001,0,-1,-1,0
40_21,-1,0,-1,1,-1,1,,-1,3605.284663,,32.676705,3572.607958,32.676705,3572.607958,100000,40002,40002,40002,0,-1,-1,0
40_20,-1,0,-1,1,-1,2,,0.153746,3605.019352,,27.988739,3577.030613,13.99437,1788.515306,46151.00066,40001,40001,40001,0,-1,0,0
40_19,-1,0,-1,1,-1,2,,0.152989,3606.27634,,35.896512,3570.379828,17.948256,1785.189914,46122.99929,40003,40003,40003,0,-1,0,0
40_22,-1,0,-1,1,-1,1,,-1,3605.233919,,355.63189,3249.602029,355.63189,3249.602029,100000,50001,50001,50001,0,-1,-1,0
40_23,-1,0,-1,1,-1,1,,-1,3605.953383,,10.876313,3595.07707,10.876313,3595.07707,100000,40002,40002,40002,0,-1,-1,0
40_26,-1,0,-1,1,-1,1,,-1,3605.52651,,32.790607,3572.735903,32.790607,3572.735903,100000,40002,40002,40002,0,-1,-1,0
40_24,-1,0,-1,1,-1,1,,-1,3605.865852,,24.306005,3581.559847,24.306005,3581.559847,100000,40002,40002,40002,0,-1,-1,0
40_28,-1,0,-1,1,-1,1,,-1,3606.473209,,20.528399,3585.94481,20.528399,3585.94481,100000,40001,40001,40001,0,-1,-1,0
40_27,-1,0,-1,1,-1,2,,0.218652,3605.036336,,4.737935,3600.298401,2.368968,1800.1492,36561.99944,30002,30002,30002,0,-1,0,0
40_25,-1,0,-1,1,-1,1,,-1,3606.939403,,40.217336,3566.722067,40.217336,3566.722067,100000,50001,50001,50001,0,-1,-1,0
40_29,-1,0,-1,1,-1,1,,-1,3605.333641,,213.445964,3391.887677,213.445964,3391.887677,100000,50001,50001,50001,0,-1,-1,0
40_30,-1,0,-1,1,-1,2,,0.122998,3606.574154,,51.506234,3555.06792,25.753117,1777.53396,56150.99957,50001,50001,50001,0,-1,0,0
50_1,-1,0,-1,1,-1,1,,-1,3606.632128,,68.924034,3537.708094,68.924034,3537.708094,100000,50002,50002,50002,0,-1,-1,0
50_3,-1,0,-1,1,-1,1,,-1,3605.654803,,14.190292,3591.464511,14.190292,3591.464511,100000,50001,50001,50001,0,-1,-1,0
50_4,-1,0,-1,1,-1,1,,-1,3605.510481,,69.234398,3536.276083,69.234398,3536.276083,100000,50001,50001,50001,0,-1,-1,0
50_6,-1,0,-1,1,-1,1,,-1,3606.060621,,21.489391,3584.57123,21.489391,3584.57123,100000,50001,50001,50001,0,-1,-1,0
50_2,-1,0,-1,1,-1,1,,-1,3606.714234,,193.38645,3413.327784,193.38645,3413.327784,100000,60001,60001,60001,0,-1,-1,0
50_5,-1,0,-1,1,-1,1,,-1,3605.309308,,35.807827,3569.501481,35.807827,3569.501481,100000,50002,50002,50002,0,-1,-1,0
50_7,-1,0,-1,1,-1,1,,-1,3607.219684,,29.666434,3577.55325,29.666434,3577.55325,100000,50003,50003,50003,0,-1,-1,0
50_10,-1,0,-1,1,-1,1,,-1,3605.306489,,198.616665,3406.689824,198.616665,3406.689824,100000,60001,60001,60001,0,-1,-1,0
50_11,-1,0,-1,1,-1,1,,-1,3605.524867,,1056.044067,2549.4808,1056.044067,2549.4808,100000,60001,60001,60001,0,-1,-1,0
50_8,-1,0,-1,1,-1,1,,-1,3606.847979,,32.106556,3574.741423,32.106556,3574.741423,100000,50002,50002,50002,0,-1,-1,0
50_9,-1,0,-1,1,-1,1,,-1,3605.850439,,1752.59366,1853.256779,1752.59366,1853.256779,100000,60001,60001,60001,0,-1,-1,0
50_15,-1,0,-1,1,-1,1,,-1,3605.436595,,18.616294,3586.820301,18.616294,3586.820301,100000,50001,50001,50001,0,-1,-1,0
50_19,-1,0,-1,1,-1,1,,-1,3605.361462,,23.034613,3582.326849,23.034613,3582.326849,100000,40003,40003,40003,0,-1,-1,0
50_16,-1,0,-1,1,-1,1,,-1,3605.585458,,15.544464,3590.040994,15.544464,3590.040994,100000,50001,50001,50001,0,-1,-1,0
50_18,-1,0,-1,1,-1,1,,-1,3606.709279,,33.41789,3573.291389,33.41789,3573.291389,100000,50001,50001,50001,0,-1,-1,0
50_13,-1,0,-1,1,-1,1,,-1,3607.90352,,47.383666,3560.519854,47.383666,3560.519854,100000,60001,60001,60001,0,-1,-1,0
50_12,-1,0,-1,1,-1,1,,-1,3606.231849,,22.571413,3583.660436,22.571413,3583.660436,100000,50001,50001,50001,0,-1,-1,0
50_14,-1,0,-1,1,-1,1,,-1,3607.32669,,1267.090723,2340.235967,1267.090723,2340.235967,100000,60001,60001,60001,0,-1,-1,0
50_17,-1,0,-1,1,-1,1,,-1,3605.042928,,1799.349396,1805.693532,1799.349396,1805.693532,100000,60001,60001,60001,0,-1,-1,0
50_21,-1,0,-1,1,-1,1,,-1,3605.337372,,35.886665,3569.450707,35.886665,3569.450707,100000,50002,50002,50002,0,-1,-1,0
50_20,-1,0,-1,1,-1,1,,-1,3605.404068,,85.457294,3519.946774,85.457294,3519.946774,100000,50002,50002,50002,0,-1,-1,0
50_22,-1,0,-1,1,-1,1,,-1,3606.280963,,1263.975613,2342.30535,1263.975613,2342.30535,100000,60001,60001,60001,0,-1,-1,0
50_23,-1,0,-1,1,-1,1,,-1,3605.456831,,56.106086,3549.350745,56.106086,3549.350745,100000,50002,50002,50002,0,-1,-1,0
50_24,-1,0,-1,1,-1,1,,-1,3606.147973,,316.14869,3289.999283,316.14869,3289.999283,100000,60002,60002,60002,0,-1,-1,0
50_25,-1,0,-1,1,-1,1,,-1,3606.822399,,40.998783,3565.823616,40.998783,3565.823616,100000,50002,50002,50002,0,-1,-1,0
50_26,-1,0,-1,1,-1,1,,-1,3606.697053,,26.946438,3579.750615,26.946438,3579.750615,100000,50003,50003,50003,0,-1,-1,0
50_29,-1,0,-1,1,-1,1,,-1,3605.516134,,28.680795,3576.835339,28.680795,3576.835339,100000,50001,50001,50001,0,-1,-1,0
50_27,-1,0,-1,1,-1,1,,-1,3605.17968,,243.561704,3361.617976,243.561704,3361.617976,100000,60001,60001,60001,0,-1,-1,0
50_28,-1,0,-1,1,-1,1,,-1,3609.776234,,207.673382,3402.102852,207.673382,3402.102852,100000,60001,60001,60001,0,-1,-1,0
50_30,-1,0,-1,1,-1,1,,-1,3606.147252,,25.341118,3580.806134,25.341118,3580.806134,100000,50001,50001,50001,0,-1,-1,0
60_2,-1,0,-1,-1,-1,1,,-1,3605.116824,,3605.116824,0,3605.116824,0,100000,0.001,-1,-1,-1,-1,-1,0
60_1,-1,0,-1,1,-1,1,,-1,3606.501041,,38.423418,3568.077623,38.423418,3568.077623,100000,60001,60001,60001,0,-1,-1,0
60_3,-1,0,-1,1,-1,1,,-1,3605.274549,,43.310474,3561.964075,43.310474,3561.964075,100000,60004,60004,60004,0,-1,-1,0
60_5,-1,0,-1,-1,-1,1,,-1,3605.015678,,3605.015678,0,3605.015678,0,100000,0.001,-1,-1,-1,-1,-1,0
60_4,-1,0,-1,1,-1,1,,-1,3605.05159,,66.533857,3538.517733,66.533857,3538.517733,100000,60001,60001,60001,0,-1,-1,0
60_7,-1,0,-1,1,-1,1,,-1,3605.062244,,55.518011,3549.544233,55.518011,3549.544233,100000,60001,60001,60001,0,-1,-1,0
60_6,-1,0,-1,1,-1,1,,-1,3605.060634,,247.122382,3357.938252,247.122382,3357.938252,100000,70001,70001,70001,0,-1,-1,0
60_9,-1,0,-1,1,-1,1,,-1,3606.377245,,397.091913,3209.285332,397.091913,3209.285332,100000,80001,80001,80001,0,-1,-1,0
60_8,-1,0,-1,1,-1,1,,-1,3605.232099,,68.260135,3536.971964,68.260135,3536.971964,100000,60001,60001,60001,0,-1,-1,0
60_14,-1,0,-1,-1,-1,1,,-1,3605.017316,,3605.017316,0,3605.017316,0,100000,0.001,-1,-1,-1,-1,-1,0
60_13,-1,0,-1,1,-1,1,,-1,3605.083751,,67.125799,3537.957952,67.125799,3537.957952,100000,60001,60001,60001,0,-1,-1,0
60_11,-1,0,-1,1,-1,1,,-1,3605.058137,,90.107076,3514.951061,90.107076,3514.951061,100000,60002,60002,60002,0,-1,-1,0
60_16,-1,0,-1,1,-1,1,,-1,3605.256561,,68.63139,3536.625171,68.63139,3536.625171,100000,60002,60002,60002,0,-1,-1,0
60_12,-1,0,-1,1,-1,1,,-1,3607.817597,,65.405236,3542.412361,65.405236,3542.412361,100000,60003,60003,60003,0,-1,-1,0
60_15,-1,0,-1,1,-1,1,,-1,3606.714986,,34.28774,3572.427246,34.28774,3572.427246,100000,60001,60001,60001,0,-1,-1,0
60_10,-1,0,-1,1,-1,1,,-1,3605.06223,,120.499214,3484.563016,120.499214,3484.563016,100000,60002,60002,60002,0,-1,-1,0
60_17,-1,0,-1,1,-1,1,,-1,3605.063069,,69.687099,3535.37597,69.687099,3535.37597,100000,60002,60002,60002,0,-1,-1,0
60_18,-1,0,-1,1,-1,1,,-1,3605.05494,,70.500723,3534.554217,70.500723,3534.554217,100000,60001,60001,60001,0,-1,-1,0
60_19,-1,0,-1,1,-1,1,,-1,3605.096292,,75.57941,3529.516882,75.57941,3529.516882,100000,60002,60002,60002,0,-1,-1,0
60_20,-1,0,-1,1,-1,1,,-1,3606.182086,,69.048362,3537.133724,69.048362,3537.133724,100000,60002,60002,60002,0,-1,-1,0
60_22,-1,0,-1,1,-1,1,,-1,3605.072984,,101.889992,3503.182992,101.889992,3503.182992,100000,60003,60003,60003,0,-1,-1,0
60_21,-1,0,-1,1,-1,1,,-1,3605.073959,,126.315222,3478.758737,126.315222,3478.758737,100000,60002,60002,60002,0,-1,-1,0
60_23,-1,0,-1,-1,-1,1,,-1,3605.095515,,3605.095515,0,3605.095515,0,100000,0.001,-1,-1,-1,-1,-1,0
60_24,-1,0,-1,1,-1,1,,-1,3605.068153,,83.507915,3521.560238,83.507915,3521.560238,100000,60003,60003,60003,0,-1,-1,0
60_25,-1,0,-1,1,-1,1,,-1,3605.079823,,44.076711,3561.003112,44.076711,3561.003112,100000,60002,60002,60002,0,-1,-1,0
60_26,-1,0,-1,1,-1,1,,-1,3605.069533,,73.028413,3532.04112,73.028413,3532.04112,100000,60002,60002,60002,0,-1,-1,0
60_27,-1,0,-1,1,-1,1,,-1,3606.070891,,15.953369,3590.117522,15.953369,3590.117522,100000,50003,50003,50003,0,-1,-1,0
60_28,-1,0,-1,1,-1,1,,-1,3606.531415,,73.612057,3532.919358,73.612057,3532.919358,100000,60001,60001,60001,0,-1,-1,0
60_29,-1,0,-1,1,-1,1,,-1,3605.969031,,187.063963,3418.905068,187.063963,3418.905068,100000,70001,70001,70001,0,-1,-1,0
60_30,-1,0,-1,1,-1,1,,-1,3605.045239,,1480.038395,2125.006844,1480.038395,2125.006844,100000,70001,70001,70001,0,-1,-1,0
70_1,-1,0,-1,-1,-1,1,,-1,3605.158947,,3605.158947,0,3605.158947,0,100000,0.001,-1,-1,-1,-1,-1,0
70_2,-1,0,-1,1,-1,1,,-1,3606.01722,,112.378489,3493.638731,112.378489,3493.638731,100000,70002,70002,70002,0,-1,-1,0
70_4,-1,0,-1,1,-1,1,,-1,3606.580739,,151.970711,3454.610028,151.970711,3454.610028,100000,70002,70002,70002,0,-1,-1,0
70_3,-1,0,-1,1,-1,1,,-1,3605.135278,,88.828098,3516.30718,88.828098,3516.30718,100000,70002,70002,70002,0,-1,-1,0
70_7,-1,0,-1,-1,-1,1,,-1,3605.102144,,3605.102144,0,3605.102144,0,100000,0.001,-1,-1,-1,-1,-1,0
70_5,-1,0,-1,1,-1,1,,-1,3606.591908,,96.204202,3510.387706,96.204202,3510.387706,100000,70001,70001,70001,0,-1,-1,0
70_6,-1,0,-1,1,-1,1,,-1,3605.854669,,415.612709,3190.24196,415.612709,3190.24196,100000,80001,80001,80001,0,-1,-1,0
70_11,-1,0,-1,1,-1,1,,-1,3605.118304,,76.397229,3528.721075,76.397229,3528.721075,100000,70001,70001,70001,0,-1,-1,0
70_8,-1,0,-1,1,-1,1,,-1,3605.147398,,143.337786,3461.809612,143.337786,3461.809612,100000,70003,70003,70003,0,-1,-1,0
70_10,-1,0,-1,1,-1,1,,-1,3605.108932,,114.862471,3490.246461,114.862471,3490.246461,100000,70002,70002,70002,0,-1,-1,0
70_9,-1,0,-1,1,-1,1,,-1,3607.091119,,235.394635,3371.696484,235.394635,3371.696484,100000,70005,70005,70005,0,-1,-1,0
70_14,-1,0,-1,-1,-1,1,,-1,3605.016128,,3605.016128,0,3605.016128,0,100000,0.001,-1,-1,-1,-1,-1,0
70_12,-1,0,-1,-1,-1,1,,-1,3605.028117,,3605.028117,0,3605.028117,0,100000,0.001,-1,-1,-1,-1,-1,0
70_15,-1,0,-1,1,-1,1,,-1,3605.168449,,109.249334,3495.919115,109.249334,3495.919115,100000,70002,70002,70002,0,-1,-1,0
70_13,-1,0,-1,1,-1,1,,-1,3605.139191,,93.013642,3512.125549,93.013642,3512.125549,100000,70001,70001,70001,0,-1,-1,0
70_16,-1,0,-1,1,-1,1,,-1,3605.10925,,118.04129,3487.06796,118.04129,3487.06796,100000,70002,70002,70002,0,-1,-1,0
70_17,-1,0,-1,-1,-1,1,,-1,3605.150393,,3605.150393,0,3605.150393,0,100000,0.001,-1,-1,-1,-1,-1,0
70_18,-1,0,-1,-1,-1,1,,-1,3605.254057,,3605.254057,0,3605.254057,0,100000,0.001,-1,-1,-1,-1,-1,0
70_19,-1,0,-1,1,-1,1,,-1,3608.36487,,108.918612,3499.446258,108.918612,3499.446258,100000,70002,70002,70002,0,-1,-1,0
70_20,-1,0,-1,-1,-1,1,,-1,3605.011875,,3605.011875,0,3605.011875,0,100000,0.001,-1,-1,-1,-1,-1,0
70_21,-1,0,-1,1,-1,1,,-1,3605.175412,,161.153347,3444.022065,161.153347,3444.022065,100000,70004,70004,70004,0,-1,-1,0
70_23,-1,0,-1,1,-1,1,,-1,3605.145156,,78.691337,3526.453819,78.691337,3526.453819,100000,70001,70001,70001,0,-1,-1,0
70_22,-1,0,-1,1,-1,1,,-1,3610.444243,,119.466255,3490.977988,119.466255,3490.977988,100000,70002,70002,70002,0,-1,-1,0
70_26,-1,0,-1,-1,-1,1,,-1,3605.215959,,3605.215959,0,3605.215959,0,100000,0.001,-1,-1,-1,-1,-1,0
70_25,-1,0,-1,1,-1,1,,-1,3605.298471,,956.812004,2648.486467,956.812004,2648.486467,100000,80001,80001,80001,0,-1,-1,0
70_24,-1,0,-1,1,-1,1,,-1,3605.228931,,215.884345,3389.344586,215.884345,3389.344586,100000,70004,70004,70004,0,-1,-1,0
70_27,-1,0,-1,1,-1,1,,-1,3605.133794,,72.586408,3532.547386,72.586408,3532.547386,100000,70001,70001,70001,0,-1,-1,0
70_28,-1,0,-1,1,-1,1,,-1,3606.339507,,306.776749,3299.562758,306.776749,3299.562758,100000,80001,80001,80001,0,-1,-1,0
70_30,-1,0,-1,-1,-1,1,,-1,3605.033238,,3605.033238,0,3605.033238,0,100000,0.001,-1,-1,-1,-1,-1,0
70_29,-1,0,-1,1,-1,1,,-1,3613.379402,,78.76762,3534.611782,78.76762,3534.611782,100000,70002,70002,70002,0,-1,-1,0
80_1,-1,0,-1,1,-1,1,,-1,3605.984393,,434.94981,3171.034583,434.94981,3171.034583,100000,80004,80004,80004,0,-1,-1,0
80_2,-1,0,-1,1,-1,1,,-1,3605.817184,,212.022298,3393.794886,212.022298,3393.794886,100000,80002,80002,80002,0,-1,-1,0
80_6,-1,0,-1,-1,-1,1,,-1,3605.018089,,3605.018089,0,3605.018089,0,100000,0.001,-1,-1,-1,-1,-1,0
80_4,-1,0,-1,1,-1,1,,-1,3605.110825,,177.437045,3427.67378,177.437045,3427.67378,100000,80001,80001,80001,0,-1,-1,0
80_5,-1,0,-1,1,-1,1,,-1,3605.699375,,186.460383,3419.238992,186.460383,3419.238992,100000,80002,80002,80002,0,-1,-1,0
80_3,-1,0,-1,1,-1,1,,-1,3622.817262,,131.37196,3491.445302,131.37196,3491.445302,100000,80002,80002,80002,0,-1,-1,0
80_7,-1,0,-1,1,-1,1,,-1,3605.157614,,169.235393,3435.922221,169.235393,3435.922221,100000,80002,80002,80002,0,-1,-1,0
80_8,-1,0,-1,1,-1,1,,-1,3605.272248,,217.091852,3388.180396,217.091852,3388.180396,100000,80004,80004,80004,0,-1,-1,0
80_9,-1,0,-1,1,-1,1,,-1,3614.79393,,118.241924,3496.552006,118.241924,3496.552006,100000,80001,80001,80001,0,-1,-1,0
80_10,-1,0,-1,-1,-1,1,,-1,3605.246351,,3605.246351,0,3605.246351,0,100000,0.001,-1,-1,-1,-1,-1,0
80_11,-1,0,-1,1,-1,1,,-1,3605.630993,,197.536115,3408.094878,197.536115,3408.094878,100000,80002,80002,80002,0,-1,-1,0
80_12,-1,0,-1,1,-1,1,,-1,3605.128674,,262.974236,3342.154438,262.974236,3342.154438,100000,80004,80004,80004,0,-1,-1,0
80_13,-1,0,-1,1,-1,1,,-1,3605.15251,,315.355073,3289.797437,315.355073,3289.797437,100000,80002,80002,80002,0,-1,-1,0
80_14,-1,0,-1,1,-1,1,,-1,3605.801623,,251.136763,3354.66486,251.136763,3354.66486,100000,80002,80002,80002,0,-1,-1,0
80_15,-1,0,-1,1,-1,1,,-1,3605.16668,,136.461209,3468.705471,136.461209,3468.705471,100000,80001,80001,80001,0,-1,-1,0
80_16,-1,0,-1,1,-1,1,,-1,3605.140173,,145.537616,3459.602557,145.537616,3459.602557,100000,80002,80002,80002,0,-1,-1,0
80_17,-1,0,-1,1,-1,1,,-1,3608.268271,,486.611894,3121.656377,486.611894,3121.656377,100000,80002,80002,80002,0,-1,-1,0
80_18,-1,0,-1,-1,-1,1,,-1,3605.131311,,3605.131311,0,3605.131311,0,100000,0.001,-1,-1,-1,-1,-1,0
80_19,-1,0,-1,1,-1,1,,-1,3605.14904,,156.664011,3448.485029,156.664011,3448.485029,100000,80001,80001,80001,0,-1,-1,0
80_20,-1,0,-1,1,-1,1,,-1,3605.149095,,126.474442,3478.674653,126.474442,3478.674653,100000,80002,80002,80002,0,-1,-1,0
80_21,-1,0,-1,1,-1,1,,-1,3605.121308,,318.349313,3286.771995,318.349313,3286.771995,100000,80003,80003,80003,0,-1,-1,0
80_22,-1,0,-1,1,-1,1,,-1,3605.167215,,170.983249,3434.183966,170.983249,3434.183966,100000,80001,80001,80001,0,-1,-1,0
90_1,-1,0,-1,-1,-1,1,,-1,3605.092468,,3605.092468,0,3605.092468,0,100000,0.001,-1,-1,-1,-1,-1,0
90_2,-1,0,-1,-1,-1,1,,-1,3605.099233,,3605.099233,0,3605.099233,0,100000,0.001,-1,-1,-1,-1,-1,0
90_3,-1,0,-1,-1,-1,1,,-1,3605.103528,,3605.103528,0,3605.103528,0,100000,0.001,-1,-1,-1,-1,-1,0
90_4,-1,0,-1,1,-1,1,,-1,3623.710974,,466.126792,3157.584182,466.126792,3157.584182,100000,90002,90002,90002,0,-1,-1,0
90_5,-1,0,-1,1,-1,1,,-1,3945.969007,,477.491801,3468.477206,477.491801,3468.477206,100000,90002,90002,90002,0,-1,-1,0
80_23,-1,0,-1,1,-1,1,,-1,3613.010296,,413.961422,3199.048874,413.961422,3199.048874,100000,80002,80002,80002,0,-1,-1,0
80_24,-1,0,-1,1,-1,1,,-1,3605.208612,,384.709284,3220.499328,384.709284,3220.499328,100000,80002,80002,80002,0,-1,-1,0
80_25,-1,0,-1,1,-1,1,,-1,3605.118694,,151.141573,3453.977121,151.141573,3453.977121,100000,80001,80001,80001,0,-1,-1,0
80_26,-1,0,-1,-1,-1,1,,-1,3605.259809,,3605.259809,0,3605.259809,0,100000,0.001,-1,-1,-1,-1,-1,0
90_6,-1,0,-1,1,-1,1,,-1,3619.661179,,492.100739,3127.56044,492.100739,3127.56044,100000,90001,90001,90001,0,-1,-1,0
80_27,-1,0,-1,1,-1,1,,-1,3605.6767,,416.681561,3188.995139,416.681561,3188.995139,100000,80002,80002,80002,0,-1,-1,0
80_28,-1,0,-1,-1,-1,1,,-1,3605.060794,,3605.060794,0,3605.060794,0,100000,0.001,-1,-1,-1,-1,-1,0
80_30,-1,0,-1,1,-1,1,,-1,3605.138705,,311.026543,3294.112162,311.026543,3294.112162,100000,80002,80002,80002,0,-1,-1,0
80_29,-1,0,-1,1,-1,1,,-1,3605.311453,,197.555449,3407.756004,197.555449,3407.756004,100000,80001,80001,80001,0,-1,-1,0
90_7,-1,0,-1,1,-1,1,,-1,3606.64389,,556.15539,3050.4885,556.15539,3050.4885,100000,90002,90002,90002,0,-1,-1,0
90_10,-1,0,-1,1,-1,1,,-1,3611.60272,,452.742204,3158.860516,452.742204,3158.860516,100000,90002,90002,90002,0,-1,-1,0
90_11,-1,0,-1,1,-1,1,,-1,3611.323786,,316.668794,3294.654992,316.668794,3294.654992,100000,90004,90004,90004,0,-1,-1,0
90_12,-1,0,-1,1,-1,1,,-1,3640.264955,,226.958857,3413.306098,226.958857,3413.306098,100000,90001,90001,90001,0,-1,-1,0
90_8,-1,0,-1,1,-1,1,,-1,3606.538754,,1034.06021,2572.478544,1034.06021,2572.478544,100000,90002,90002,90002,0,-1,-1,0
90_9,-1,0,-1,1,-1,1,,-1,3736.10103,,625.370892,3110.730138,625.370892,3110.730138,100000,90001,90001,90001,0,-1,-1,0
90_13,-1,0,-1,1,-1,1,,-1,3629.082137,,926.701937,2702.3802,926.701937,2702.3802,100000,90002,90002,90002,0,-1,-1,0
90_14,-1,0,-1,-1,-1,1,,-1,3605.102731,,3605.102731,0,3605.102731,0,100000,0.001,-1,-1,-1,-1,-1,0
90_18,-1,0,-1,-1,-1,1,,-1,3605.10036,,3605.10036,0,3605.10036,0,100000,0.001,-1,-1,-1,-1,-1,0
90_17,-1,0,-1,1,-1,1,,-1,3607.952484,,203.107712,3404.844772,203.107712,3404.844772,100000,90002,90002,90002,0,-1,-1,0
90_16,-1,0,-1,1,-1,1,,-1,3618.4186,,296.113577,3322.305023,296.113577,3322.305023,100000,90001,90001,90001,0,-1,-1,0
90_15,-1,0,-1,1,-1,1,,-1,3643.211364,,1166.170051,2477.041313,1166.170051,2477.041313,100000,90003,90003,90003,0,-1,-1,0
90_19,-1,0,-1,1,-1,1,,-1,3614.559519,,294.648372,3319.911147,294.648372,3319.911147,100000,90002,90002,90002,0,-1,-1,0
90_20,-1,0,-1,-1,-1,1,,-1,3605.285958,,3605.285958,0,3605.285958,0,100000,0.001,-1,-1,-1,-1,-1,0
90_21,-1,0,-1,1,-1,1,,-1,3606.436834,,859.109825,2747.327009,859.109825,2747.327009,100000,90002,90002,90002,0,-1,-1,0
90_22,-1,0,-1,1,-1,1,,-1,3606.248641,,731.382039,2874.866602,731.382039,2874.866602,100000,90003,90003,90003,0,-1,-1,0
90_23,-1,0,-1,1,-1,1,,-1,3648.406483,,1573.124896,2075.281587,1573.124896,2075.281587,100000,90002,90002,90002,0,-1,-1,0
90_24,-1,0,-1,1,-1,1,,-1,3726.282419,,524.625748,3201.656671,524.625748,3201.656671,100000,90002,90002,90002,0,-1,-1,0
90_25,-1,0,-1,1,-1,1,,-1,3610.397586,,462.88675,3147.510836,462.88675,3147.510836,100000,90002,90002,90002,0,-1,-1,0
90_26,-1,0,-1,1,-1,1,,-1,3607.603615,,287.202343,3320.401272,287.202343,3320.401272,100000,90004,90004,90004,0,-1,-1,0
90_27,-1,0,-1,1,-1,1,,-1,3611.543388,,191.211069,3420.332319,191.211069,3420.332319,100000,90001,90001,90001,0,-1,-1,0
100_1,-1,0,-1,1,-1,1,,-1,3608.476534,,934.854147,2673.622387,934.854147,2673.622387,100000,100003,100003,100003,0,-1,-1,0
100_2,-1,0,-1,-1,-1,1,,-1,3605.608503,,3605.608503,0,3605.608503,0,100000,0.001,-1,-1,-1,-1,-1,0
100_3,-1,0,-1,-1,-1,1,,-1,3605.075704,,3605.075704,0,3605.075704,0,100000,0.001,-1,-1,-1,-1,-1,0
100_6,-1,0,-1,-1,-1,1,,-1,3605.09287,,3605.09287,0,3605.09287,0,100000,0.001,-1,-1,-1,-1,-1,0
100_9,-1,0,-1,1,-1,1,,-1,3610.142568,,496.891939,3113.250629,496.891939,3113.250629,100000,100002,100002,100002,0,-1,-1,0
100_8,-1,0,-1,1,-1,1,,-1,3608.359416,,701.376672,2906.982744,701.376672,2906.982744,100000,100004,100004,100004,0,-1,-1,0
100_10,-1,0,-1,1,-1,1,,-1,3670.494842,,615.36003,3055.134812,615.36003,3055.134812,100000,100005,100005,100005,0,-1,-1,0
100_7,-1,0,-1,1,-1,1,,-1,3613.63513,,1110.458939,2503.176191,1110.458939,2503.176191,100000,100002,100002,100002,0,-1,-1,0
100_4,-1,0,-1,1,-1,1,,-1,3606.98604,,1167.508894,2439.477146,1167.508894,2439.477146,100000,100004,100004,100004,0,-1,-1,0
100_5,-1,0,-1,1,-1,1,,-1,3655.327871,,2238.064579,1417.263292,2238.064579,1417.263292,100000,100002,100002,100002,0,-1,-1,0
100_11,-1,0,-1,1,-1,1,,-1,3645.562237,,2749.303352,896.258885,2749.303352,896.258885,100000,100003,100003,100003,0,-1,-1,0
100_12,-1,0,-1,-1,-1,1,,-1,3605.221572,,3605.221572,0,3605.221572,0,100000,0.001,-1,-1,-1,-1,-1,0
100_13,-1,0,-1,1,-1,1,,-1,3652.499877,,2501.392787,1151.10709,2501.392787,1151.10709,100000,100001,100001,100001,0,-1,-1,0
100_14,-1,0,-1,1,-1,1,,-1,3622.959339,,286.606871,3336.352468,286.606871,3336.352468,100000,100002,100002,100002,0,-1,-1,0
100_16,-1,0,-1,1,-1,1,,-1,3612.911867,,628.893678,2984.018189,628.893678,2984.018189,100000,100002,100002,100002,0,-1,-1,0
100_15,-1,0,-1,1,-1,1,,-1,3661.571167,,734.871465,2926.699702,734.871465,2926.699702,100000,100002,100002,100002,0,-1,-1,0
100_17,-1,0,-1,1,-1,1,,-1,3607.336119,,345.66202,3261.674099,345.66202,3261.674099,100000,100001,100001,100001,0,-1,-1,0
100_18,-1,0,-1,-1,-1,1,,-1,3605.121193,,3605.121193,0,3605.121193,0,100000,0.001,-1,-1,-1,-1,-1,0
100_19,-1,0,-1,-1,-1,1,,-1,3605.048004,,3605.048004,0,3605.048004,0,100000,0.001,-1,-1,-1,-1,-1,0
100_20,-1,0,-1,1,-1,1,,-1,3606.739783,,530.914411,3075.825372,530.914411,3075.825372,100000,100003,100003,100003,0,-1,-1,0
100_21,-1,0,-1,-1,-1,1,,-1,3605.769223,,3605.769223,0,3605.769223,0,100000,0.001,-1,-1,-1,-1,-1,0
100_23,-1,0,-1,-1,-1,1,,-1,3605.07767,,3605.07767,0,3605.07767,0,100000,0.001,-1,-1,-1,-1,-1,0
100_22,-1,0,-1,-1,-1,1,,-1,3605.078094,,3605.078094,0,3605.078094,0,100000,0.001,-1,-1,-1,-1,-1,0
100_25,-1,0,-1,-1,-1,1,,-1,3605.166356,,3605.166356,0,3605.166356,0,100000,0.001,-1,-1,-1,-1,-1,0
100_26,-1,0,-1,1,-1,1,,-1,3607.056445,,1267.171812,2339.884633,1267.171812,2339.884633,100000,100003,100003,100003,0,-1,-1,0
100_24,-1,0,-1,1,-1,1,,-1,3617.208808,,1392.078476,2225.130332,1392.078476,2225.130332,100000,100002,100002,100002,0,-1,-1,0
100_27,-1,0,-1,-1,-1,1,,-1,3605.159448,,3605.159448,0,3605.159448,0,100000,0.001,-1,-1,-1,-1,-1,0
100_28,-1,0,-1,-1,-1,1,,-1,3605.196616,,3605.196616,0,3605.196616,0,100000,0.001,-1,-1,-1,-1,-1,0
90_28,-1,0,-1,-1,-1,1,,-1,3605.061878,,3605.061878,0,3605.061878,0,100000,0.001,-1,-1,-1,-1,-1,0
110_3,-1,0,-1,-1,-1,1,,-1,3605.055719,,3605.055719,0,3605.055719,0,100000,0.001,-1,-1,-1,-1,-1,0
90_29,-1,0,-1,-1,-1,1,,-1,3605.12728,,3605.12728,0,3605.12728,0,100000,0.001,-1,-1,-1,-1,-1,0
100_29,-1,0,-1,-1,-1,1,,-1,3605.098716,,3605.098716,0,3605.098716,0,100000,0.001,-1,-1,-1,-1,-1,0
100_30,-1,0,-1,-1,-1,1,,-1,3605.1015,,3605.1015,0,3605.1015,0,100000,0.001,-1,-1,-1,-1,-1,0
110_1,-1,0,-1,-1,-1,1,,-1,3605.083414,,3605.083414,0,3605.083414,0,100000,0.001,-1,-1,-1,-1,-1,0
90_30,-1,0,-1,1,-1,1,,-1,3612.890677,,193.387067,3419.50361,193.387067,3419.50361,100000,90002,90002,90002,0,-1,-1,0
110_2,-1,0,-1,1,-1,1,,-1,3644.426359,,525.993634,3118.432725,525.993634,3118.432725,100000,110004,110004,110004,0,-1,-1,0
110_4,-1,0,-1,1,-1,1,,-1,3609.180809,,899.252383,2709.928426,899.252383,2709.928426,100000,110002,110002,110002,0,-1,-1,0
110_5,-1,0,-1,-1,-1,1,,-1,3605.036932,,3605.036932,0,3605.036932,0,100000,0.001,-1,-1,-1,-1,-1,0
110_7,-1,0,-1,-1,-1,1,,-1,3605.219668,,3605.219668,0,3605.219668,0,100000,0.001,-1,-1,-1,-1,-1,0
110_6,-1,0,-1,1,-1,1,,-1,3628.793035,,810.451989,2818.341046,810.451989,2818.341046,100000,110003,110003,110003,0,-1,-1,0
110_8,-1,0,-1,1,-1,1,,-1,3645.109688,,3503.099361,142.010327,3503.099361,142.010327,100000,110002,110002,110002,0,-1,-1,0
110_9,-1,0,-1,-1,-1,1,,-1,3605.193109,,3605.193109,0,3605.193109,0,100000,0.001,-1,-1,-1,-1,-1,0
110_10,-1,0,-1,1,-1,1,,-1,3738.486867,,499.548998,3238.937869,499.548998,3238.937869,100000,110003,110003,110003,0,-1,-1,0
110_11,-1,0,-1,-1,-1,1,,-1,3605.266505,,3605.266505,0,3605.266505,0,100000,0.001,-1,-1,-1,-1,-1,0
110_12,-1,0,-1,-1,-1,1,,-1,3605.299365,,3605.299365,0,3605.299365,0,100000,0.001,-1,-1,-1,-1,-1,0
110_13,-1,0,-1,1,-1,1,,-1,3612.968089,,1008.339104,2604.628985,1008.339104,2604.628985,100000,110004,110004,110004,0,-1,-1,0
110_15,-1,0,-1,-1,-1,1,,-1,3605.214988,,3605.214988,0,3605.214988,0,100000,0.001,-1,-1,-1,-1,-1,0
110_14,-1,0,-1,1,-1,1,,-1,3658.792489,,1900.078381,1758.714108,1900.078381,1758.714108,100000,110004,110004,110004,0,-1,-1,0
110_23,-1,0,-1,-1,-1,1,,-1,3605.12395,,3605.12395,0,3605.12395,0,100000,0.001,-1,-1,-1,-1,-1,0
110_16,-1,0,-1,-1,-1,1,,-1,3605.044392,,3605.044392,0,3605.044392,0,100000,0.001,-1,-1,-1,-1,-1,0
110_20,-1,0,-1,1,-1,1,,-1,3608.232216,,2066.442171,1541.790045,2066.442171,1541.790045,100000,110002,110002,110002,0,-1,-1,0
110_21,-1,0,-1,1,-1,1,,-1,3610.714432,,2043.630448,1567.083984,2043.630448,1567.083984,100000,110004,110004,110004,0,-1,-1,0
110_18,-1,0,-1,1,-1,1,,-1,3608.571989,,1744.286438,1864.285551,1744.286438,1864.285551,100000,110002,110002,110002,0,-1,-1,0
110_22,-1,0,-1,1,-1,1,,-1,3689.823607,,471.389104,3218.434503,471.389104,3218.434503,100000,110003,110003,110003,0,-1,-1,0
110_17,-1,0,-1,1,-1,1,,-1,3735.445069,,3190.698817,544.746252,3190.698817,544.746252,100000,110003,110003,110003,0,-1,-1,0
110_19,-1,0,-1,1,-1,1,,-1,3850.205779,,3573.691636,276.514143,3573.691636,276.514143,100000,110003,110003,110003,0,-1,-1,0
110_24,-1,0,-1,-1,-1,1,,-1,3605.208597,,3605.208597,0,3605.208597,0,100000,0.001,-1,-1,-1,-1,-1,0
110_28,-1,0,-1,1,-1,1,,-1,3610.315442,,394.090109,3216.225333,394.090109,3216.225333,100000,110004,110004,110004,0,-1,-1,0
110_26,-1,0,-1,1,-1,1,,-1,3666.640396,,2203.399366,1463.24103,2203.399366,1463.24103,100000,110004,110004,110004,0,-1,-1,0
110_27,-1,0,-1,1,-1,1,,-1,3759.011131,,2107.175758,1651.835373,2107.175758,1651.835373,100000,110002,110002,110002,0,-1,-1,0
110_25,-1,0,-1,1,-1,1,,-1,3792.222608,,3500.49744,291.725168,3500.49744,291.725168,100000,110004,110004,110004,0,-1,-1,0
110_29,-1,0,-1,-1,-1,1,,-1,3605.188143,,3605.188143,0,3605.188143,0,100000,0.001,-1,-1,-1,-1,-1,0
110_30,-1,0,-1,1,-1,1,,-1,3621.536212,,460.56691,3160.969302,460.56691,3160.969302,100000,110001,110001,110001,0,-1,-1,0
120_4,-1,0,-1,-1,-1,1,,-1,3605.034263,,3605.034263,0,3605.034263,0,100000,0.001,-1,-1,-1,-1,-1,0
120_3,-1,0,-1,-1,-1,1,,-1,3605.015029,,3605.015029,0,3605.015029,0,100000,0.001,-1,-1,-1,-1,-1,0
120_5,-1,0,-1,-1,-1,1,,-1,3605.066281,,3605.066281,0,3605.066281,0,100000,0.001,-1,-1,-1,-1,-1,0
120_6,-1,0,-1,-1,-1,1,,-1,3605.160652,,3605.160652,0,3605.160652,0,100000,0.001,-1,-1,-1,-1,-1,0
120_8,-1,0,-1,-1,-1,1,,-1,3605.234632,,3605.234632,0,3605.234632,0,100000,0.001,-1,-1,-1,-1,-1,0
120_11,-1,0,-1,-1,-1,1,,-1,3605.070734,,3605.070734,0,3605.070734,0,100000,0.001,-1,-1,-1,-1,-1,0
120_2,-1,0,-1,1,-1,1,,-1,3633.649535,,2642.213171,991.436364,2642.213171,991.436364,100000,120004,120004,120004,0,-1,-1,0
120_7,-1,0,-1,1,-1,1,,-1,3660.812404,,820.013453,2840.798951,820.013453,2840.798951,100000,120002,120002,120002,0,-1,-1,0
120_1,-1,0,-1,1,-1,1,,-1,3814.754271,,1793.515474,2021.238797,1793.515474,2021.238797,100000,120002,120002,120002,0,-1,-1,0
120_12,-1,0,-1,1,-1,1,,-1,3616.918931,,2388.807788,1228.111143,2388.807788,1228.111143,100000,120001,120001,120001,0,-1,-1,0
120_10,-1,0,-1,1,-1,1,,-1,3613.338953,,1049.905812,2563.433141,1049.905812,2563.433141,100000,120004,120004,120004,0,-1,-1,0
120_9,-1,0,-1,1,-1,1,,-1,3733.090649,,2834.811335,898.279314,2834.811335,898.279314,100000,120003,120003,120003,0,-1,-1,0
120_13,-1,0,-1,1,-1,1,,-1,3644.235511,,2269.977604,1374.257907,2269.977604,1374.257907,100000,120003,120003,120003,0,-1,-1,0
120_14,-1,0,-1,1,-1,1,,-1,3760.700046,,2024.244924,1736.455122,2024.244924,1736.455122,100000,120004,120004,120004,0,-1,-1,0
120_17,-1,0,-1,-1,-1,1,,-1,3605.112674,,3605.112674,0,3605.112674,0,100000,0.001,-1,-1,-1,-1,-1,0
120_18,-1,0,-1,-1,-1,1,,-1,3605.041707,,3605.041707,0,3605.041707,0,100000,0.001,-1,-1,-1,-1,-1,0
120_21,-1,0,-1,-1,-1,1,,-1,3605.090224,,3605.090224,0,3605.090224,0,100000,0.001,-1,-1,-1,-1,-1,0
120_19,-1,0,-1,-1,-1,1,,-1,3605.091518,,3605.091518,0,3605.091518,0,100000,0.001,-1,-1,-1,-1,-1,0
120_20,-1,0,-1,-1,-1,1,,-1,3605.05049,,3605.05049,0,3605.05049,0,100000,0.001,-1,-1,-1,-1,-1,0
120_23,-1,0,-1,-1,-1,1,,-1,3605.027435,,3605.027435,0,3605.027435,0,100000,0.001,-1,-1,-1,-1,-1,0
120_15,-1,0,-1,1,-1,1,,-1,3929.282954,,760.175452,3169.107502,760.175452,3169.107502,100000,120004,120004,120004,0,-1,-1,0
120_16,-1,0,-1,1,-1,1,,-1,3654.076675,,356.147898,3297.928777,356.147898,3297.928777,100000,110011,110011,110011,0,-1,-1,0
120_25,-1,0,-1,-1,-1,1,,-1,3605.027349,,3605.027349,0,3605.027349,0,100000,0.001,-1,-1,-1,-1,-1,0
120_24,-1,0,-1,1,-1,1,,-1,3611.575868,,1779.847675,1831.728193,1779.847675,1831.728193,100000,120004,120004,120004,0,-1,-1,0
120_22,-1,0,-1,1,-1,1,,-1,3639.509482,,2616.60595,1022.903532,2616.60595,1022.903532,100000,120004,120004,120004,0,-1,-1,0
120_26,-1,0,-1,-1,-1,1,,-1,3605.317475,,3605.317475,0,3605.317475,0,100000,0.001,-1,-1,-1,-1,-1,0
120_29,-1,0,-1,-1,-1,1,,-1,3605.07695,,3605.07695,0,3605.07695,0,100000,0.001,-1,-1,-1,-1,-1,0
120_28,-1,0,-1,-1,-1,1,,-1,3605.193721,,3605.193721,0,3605.193721,0,100000,0.001,-1,-1,-1,-1,-1,0
120_27,-1,0,-1,1,-1,1,,-1,3611.543028,,891.076429,2720.466599,891.076429,2720.466599,100000,120001,120001,120001,0,-1,-1,0
120_30,-1,0,-1,-1,-1,1,,-1,3605.080715,,3605.080715,0,3605.080715,0,100000,0.001,-1,-1,-1,-1,-1,0
